repeat,repeat_seed,fold,macro_f1,micro_f1,macro_auprc,micro_auprc
1,42,1,0.40856939630748773,0.43797979797979797,0.3523493842117915,0.4590122314749647
1,42,2,0.40402248331773666,0.4432823813354787,0.3418711533084632,0.4503407671948294
1,42,3,0.3998738807871792,0.45246568378240976,0.3419770715405262,0.456985724354568
1,42,4,0.4015016463726288,0.4727467811158798,0.34654846804097833,0.4758789486950281
1,42,5,0.3952583549395918,0.4697653429602888,0.33816662475493164,0.46242857190836356
2,43,1,0.39930956612914914,0.4293908227848101,0.3452643386180964,0.46458402995655257
2,43,2,0.39373051920096425,0.4418629211109938,0.34190093834098984,0.4591083499158495
2,43,3,0.3963750472279603,0.4445602334305961,0.33483934331254905,0.45076229404859597
2,43,4,0.41422102135495187,0.47319093286835223,0.3533481704979595,0.45409891573348904
2,43,5,0.4001307714011685,0.45737254072350325,0.34379213562016225,0.472447037320804
3,44,1,0.40244042366525123,0.4346307897709767,0.34152611281964584,0.4649708825737003
3,44,2,0.4344737255641973,0.4905328049317481,0.37535352974729846,0.48369694951995446
3,44,3,0.39215659473569303,0.4157426830486465,0.3340635248824409,0.43645030097609583
3,44,4,0.40200171787103256,0.46958559710237563,0.3420744630699003,0.45547974862205654
3,44,5,0.386999158187097,0.43011186133225837,0.3271655593462196,0.44473743712595504
4,45,1,0.4113336181687765,0.46547884187082406,0.3540132840318505,0.47250701359369685
4,45,2,0.3977723230416343,0.4493111248200699,0.34005516697037347,0.4527876275097613
4,45,3,0.3993511840953248,0.46337849280270954,0.3439916230307037,0.46075210401105615
4,45,4,0.39944959906358535,0.4689713500370018,0.34186936255493844,0.46829304781779335
4,45,5,0.40111290575293734,0.45320404721753793,0.3452266751661676,0.44747899016746656
5,46,1,0.3998765150434858,0.4585162423178227,0.343373918796683,0.4600530153488089
5,46,2,0.4010294855762023,0.44175891134355644,0.3470926805598067,0.4602714747496055
5,46,3,0.4208905947072036,0.46597713663581924,0.36521442142890403,0.47167978044341563
5,46,4,0.3970941794195363,0.4626445764301344,0.34250544489142953,0.458758878315523
5,46,5,0.3871919803895961,0.4493492972410203,0.32489601429280435,0.44576707238893615
