mode,repeat,repeat_seed,fold,macro_f1,micro_f1,macro_auprc,micro_auprc
unimol_only,1,42,1,0.6429609552435608,0.8067808337657845,0.6671529044794832,0.9033445216542845
unimol_only,1,42,2,0.6928086940814536,0.8210306406685237,0.7021827189423194,0.9080270509210275
unimol_only,1,42,3,0.707041245912758,0.7965294317795168,0.7320857873980636,0.8939627366912104
unimol_only,1,42,4,0.7366394651792301,0.8258794414000353,0.7573330680394514,0.9134838452477521
unimol_only,1,42,5,0.7168370766698077,0.8339185393258427,0.7297187685372339,0.9141224653316056
unimol_only,2,43,1,0.7225282470264203,0.8270251149628581,0.7355064397790548,0.9121692951062002
unimol_only,2,43,2,0.7216117532642498,0.826017416029856,0.7365021769809207,0.9103370935915476
unimol_only,2,43,3,0.6924716723530322,0.8145949720670391,0.708362143336108,0.897652655298243
unimol_only,2,43,4,0.6984449926928566,0.8094295483174375,0.6998632643959025,0.8948435805649018
unimol_only,2,43,5,0.6920844505962617,0.8194060773480663,0.7120271903232497,0.9088875172968391
unimol_only,3,44,1,0.7598474798275664,0.8138269871907352,0.7777081677288232,0.8970217364827696
unimol_only,3,44,2,0.674547420854604,0.8122526243331613,0.6940704617552241,0.9031495002437688
unimol_only,3,44,3,0.68150456238559,0.8174064403829416,0.7060027758166915,0.9050569987371482
unimol_only,3,44,4,0.7121347667040907,0.8299879910790873,0.7429123802998867,0.9179531171060785
unimol_only,3,44,5,0.7458442364049702,0.8138845281702425,0.7658240352472846,0.9043614422211641
unimol_only,4,45,1,0.6837519434613877,0.8123066345823307,0.7101100737246276,0.9042968067504542
unimol_only,4,45,2,0.7054695867486357,0.8197513812154696,0.7240856098548333,0.9053114587205263
unimol_only,4,45,3,0.7461772027625443,0.8383977900552486,0.7653206797584238,0.9235410937533854
unimol_only,4,45,4,0.7156000818325076,0.8274156509450628,0.704755258372565,0.9140885624525615
unimol_only,4,45,5,0.7108164612944646,0.8229965156794425,0.7387340566939119,0.910560511572425
unimol_only,5,46,1,0.6964041371289243,0.8180266302492318,0.7258527277796548,0.9096069000883746
unimol_only,5,46,2,0.733504418638662,0.824263431542461,0.7543932443761362,0.9114578655625935
unimol_only,5,46,3,0.702525692838222,0.8285966460723743,0.7110579786554022,0.9118236682895045
unimol_only,5,46,4,0.712945442113369,0.8146883005977796,0.738365669023072,0.9091599684293458
unimol_only,5,46,5,0.6993012074877143,0.8346100278551533,0.7228078583842409,0.9191171824256618
