Taste,FPR,TPR,AUROC
Sweet,0.0,0.0,0.9749971184331279
Sweet,0.0,0.0004570383912248629,0.9749971184331279
Sweet,0.0,0.1910420475319927,0.9749971184331279
Sweet,0.0,0.19241316270566727,0.9749971184331279
Sweet,0.0,0.27879341864716634,0.9749971184331279
Sweet,0.0007980845969672786,0.27879341864716634,0.9749971184331279
Sweet,0.0007980845969672786,0.3139853747714808,0.9749971184331279
Sweet,0.0007980845969672786,0.3148994515539305,0.9749971184331279
Sweet,0.0007980845969672786,0.3711151736745887,0.9749971184331279
Sweet,0.0015961691939345571,0.3711151736745887,0.9749971184331279
Sweet,0.0015961691939345571,0.38848263254113347,0.9749971184331279
Sweet,0.0015961691939345571,0.38939670932358317,0.9749971184331279
Sweet,0.0015961691939345571,0.45429616087751373,0.9749971184331279
Sweet,0.0023942537909018356,0.45429616087751373,0.9749971184331279
Sweet,0.0023942537909018356,0.6380255941499086,0.9749971184331279
Sweet,0.0039904229848363925,0.6380255941499086,0.9749971184331279
Sweet,0.0039904229848363925,0.6777879341864717,0.9749971184331279
Sweet,0.004788507581803671,0.6777879341864717,0.9749971184331279
Sweet,0.004788507581803671,0.6837294332723949,0.9749971184331279
Sweet,0.00558659217877095,0.6837294332723949,0.9749971184331279
Sweet,0.00558659217877095,0.6983546617915904,0.9749971184331279
Sweet,0.006384676775738229,0.6983546617915904,0.9749971184331279
Sweet,0.006384676775738229,0.7093235831809872,0.9749971184331279
Sweet,0.007182761372705506,0.7093235831809872,0.9749971184331279
Sweet,0.007182761372705506,0.7271480804387569,0.9749971184331279
Sweet,0.007980845969672785,0.7271480804387569,0.9749971184331279
Sweet,0.007980845969672785,0.7385740402193784,0.9749971184331279
Sweet,0.008778930566640064,0.7385740402193784,0.9749971184331279
Sweet,0.008778930566640064,0.7550274223034735,0.9749971184331279
Sweet,0.009577015163607342,0.7550274223034735,0.9749971184331279
Sweet,0.009577015163607342,0.7573126142595978,0.9749971184331279
Sweet,0.010375099760574621,0.7573126142595978,0.9749971184331279
Sweet,0.010375099760574621,0.7783363802559415,0.9749971184331279
Sweet,0.0111731843575419,0.7783363802559415,0.9749971184331279
Sweet,0.0111731843575419,0.7815356489945156,0.9749971184331279
Sweet,0.011971268954509178,0.7815356489945156,0.9749971184331279
Sweet,0.011971268954509178,0.7888482632541134,0.9749971184331279
Sweet,0.012769353551476457,0.7888482632541134,0.9749971184331279
Sweet,0.012769353551476457,0.7929616087751371,0.9749971184331279
Sweet,0.013567438148443736,0.7929616087751371,0.9749971184331279
Sweet,0.013567438148443736,0.8290676416819013,0.9749971184331279
Sweet,0.014365522745411013,0.8290676416819013,0.9749971184331279
Sweet,0.014365522745411013,0.8304387568555759,0.9749971184331279
Sweet,0.015163607342378291,0.8304387568555759,0.9749971184331279
Sweet,0.015163607342378291,0.8318098720292505,0.9749971184331279
Sweet,0.01675977653631285,0.8318098720292505,0.9749971184331279
Sweet,0.01675977653631285,0.8386654478976234,0.9749971184331279
Sweet,0.017557861133280128,0.8386654478976234,0.9749971184331279
Sweet,0.017557861133280128,0.8391224862888482,0.9749971184331279
Sweet,0.018355945730247406,0.8391224862888482,0.9749971184331279
Sweet,0.018355945730247406,0.8395795246800731,0.9749971184331279
Sweet,0.019154030327214685,0.8395795246800731,0.9749971184331279
Sweet,0.019154030327214685,0.8409506398537477,0.9749971184331279
Sweet,0.019952114924181964,0.8409506398537477,0.9749971184331279
Sweet,0.019952114924181964,0.8441499085923218,0.9749971184331279
Sweet,0.020750199521149242,0.8441499085923218,0.9749971184331279
Sweet,0.020750199521149242,0.8455210237659964,0.9749971184331279
Sweet,0.02154828411811652,0.8455210237659964,0.9749971184331279
Sweet,0.02154828411811652,0.850091407678245,0.9749971184331279
Sweet,0.02314445331205108,0.850091407678245,0.9749971184331279
Sweet,0.02314445331205108,0.853290676416819,0.9749971184331279
Sweet,0.023942537909018357,0.853290676416819,0.9749971184331279
Sweet,0.023942537909018357,0.8546617915904936,0.9749971184331279
Sweet,0.024740622505985636,0.8546617915904936,0.9749971184331279
Sweet,0.024740622505985636,0.8555758683729433,0.9749971184331279
Sweet,0.026336791699920193,0.8555758683729433,0.9749971184331279
Sweet,0.026336791699920193,0.8560329067641682,0.9749971184331279
Sweet,0.02713487629688747,0.8560329067641682,0.9749971184331279
Sweet,0.02713487629688747,0.8574040219378428,0.9749971184331279
Sweet,0.027932960893854747,0.8574040219378428,0.9749971184331279
Sweet,0.027932960893854747,0.8578610603290676,0.9749971184331279
Sweet,0.028731045490822026,0.8578610603290676,0.9749971184331279
Sweet,0.028731045490822026,0.8583180987202925,0.9749971184331279
Sweet,0.03112529928172386,0.8583180987202925,0.9749971184331279
Sweet,0.03112529928172386,0.8592321755027422,0.9749971184331279
Sweet,0.03272146847565842,0.8592321755027422,0.9749971184331279
Sweet,0.03272146847565842,0.8606032906764168,0.9749971184331279
Sweet,0.0335195530726257,0.8606032906764168,0.9749971184331279
Sweet,0.0335195530726257,0.863345521023766,0.9749971184331279
Sweet,0.035115722266560255,0.863345521023766,0.9749971184331279
Sweet,0.035115722266560255,0.8638025594149908,0.9749971184331279
Sweet,0.03671189146049481,0.8638025594149908,0.9749971184331279
Sweet,0.03671189146049481,0.8656307129798904,0.9749971184331279
Sweet,0.03830806065442937,0.8656307129798904,0.9749971184331279
Sweet,0.03830806065442937,0.8670018281535649,0.9749971184331279
Sweet,0.03910614525139665,0.8670018281535649,0.9749971184331279
Sweet,0.03910614525139665,0.8683729433272395,0.9749971184331279
Sweet,0.040702314445331206,0.8683729433272395,0.9749971184331279
Sweet,0.040702314445331206,0.8692870201096892,0.9749971184331279
Sweet,0.04229848363926576,0.8692870201096892,0.9749971184331279
Sweet,0.04229848363926576,0.8711151736745887,0.9749971184331279
Sweet,0.04309656823623304,0.8711151736745887,0.9749971184331279
Sweet,0.04309656823623304,0.8715722120658135,0.9749971184331279
Sweet,0.04389465283320032,0.8715722120658135,0.9749971184331279
Sweet,0.04389465283320032,0.8720292504570384,0.9749971184331279
Sweet,0.0446927374301676,0.8720292504570384,0.9749971184331279
Sweet,0.0446927374301676,0.8738574040219378,0.9749971184331279
Sweet,0.04549082202713488,0.8738574040219378,0.9749971184331279
Sweet,0.04549082202713488,0.8802559414990859,0.9749971184331279
Sweet,0.047086991221069435,0.8802559414990859,0.9749971184331279
Sweet,0.047086991221069435,0.8825411334552102,0.9749971184331279
Sweet,0.04868316041500399,0.8825411334552102,0.9749971184331279
Sweet,0.04868316041500399,0.8834552102376599,0.9749971184331279
Sweet,0.04948124501197127,0.8834552102376599,0.9749971184331279
Sweet,0.04948124501197127,0.8848263254113345,0.9749971184331279
Sweet,0.05027932960893855,0.8848263254113345,0.9749971184331279
Sweet,0.05027932960893855,0.8871115173674589,0.9749971184331279
Sweet,0.05187549880287311,0.8871115173674589,0.9749971184331279
Sweet,0.05187549880287311,0.8875685557586838,0.9749971184331279
Sweet,0.052673583399840386,0.8875685557586838,0.9749971184331279
Sweet,0.052673583399840386,0.8893967093235832,0.9749971184331279
Sweet,0.053471667996807665,0.8893967093235832,0.9749971184331279
Sweet,0.053471667996807665,0.8903107861060329,0.9749971184331279
Sweet,0.055865921787709494,0.8903107861060329,0.9749971184331279
Sweet,0.055865921787709494,0.8912248628884827,0.9749971184331279
Sweet,0.05666400638467677,0.8912248628884827,0.9749971184331279
Sweet,0.05666400638467677,0.8916819012797075,0.9749971184331279
Sweet,0.05746209098164405,0.8916819012797075,0.9749971184331279
Sweet,0.05746209098164405,0.8921389396709324,0.9749971184331279
Sweet,0.05826017557861133,0.8921389396709324,0.9749971184331279
Sweet,0.05826017557861133,0.8925959780621572,0.9749971184331279
Sweet,0.05905826017557861,0.8925959780621572,0.9749971184331279
Sweet,0.05905826017557861,0.8948811700182815,0.9749971184331279
Sweet,0.061452513966480445,0.8948811700182815,0.9749971184331279
Sweet,0.061452513966480445,0.8962522851919561,0.9749971184331279
Sweet,0.06225059856344772,0.8962522851919561,0.9749971184331279
Sweet,0.06225059856344772,0.896709323583181,0.9749971184331279
Sweet,0.06384676775738228,0.896709323583181,0.9749971184331279
Sweet,0.06384676775738228,0.8985374771480804,0.9749971184331279
Sweet,0.06544293695131684,0.8985374771480804,0.9749971184331279
Sweet,0.06544293695131684,0.8989945155393053,0.9749971184331279
Sweet,0.06624102154828412,0.8989945155393053,0.9749971184331279
Sweet,0.06624102154828412,0.9008226691042047,0.9749971184331279
Sweet,0.0670391061452514,0.9008226691042047,0.9749971184331279
Sweet,0.0670391061452514,0.9017367458866545,0.9749971184331279
Sweet,0.06783719074221868,0.9017367458866545,0.9749971184331279
Sweet,0.06783719074221868,0.9040219378427788,0.9749971184331279
Sweet,0.07023144453312051,0.9040219378427788,0.9749971184331279
Sweet,0.07023144453312051,0.9049360146252285,0.9749971184331279
Sweet,0.0710295291300878,0.9049360146252285,0.9749971184331279
Sweet,0.0710295291300878,0.9058500914076782,0.9749971184331279
Sweet,0.07182761372705507,0.9058500914076782,0.9749971184331279
Sweet,0.07182761372705507,0.9063071297989032,0.9749971184331279
Sweet,0.07262569832402235,0.9063071297989032,0.9749971184331279
Sweet,0.07262569832402235,0.906764168190128,0.9749971184331279
Sweet,0.0742218675179569,0.906764168190128,0.9749971184331279
Sweet,0.0742218675179569,0.9072212065813529,0.9749971184331279
Sweet,0.07501995211492418,0.9072212065813529,0.9749971184331279
Sweet,0.07501995211492418,0.9076782449725777,0.9749971184331279
Sweet,0.07581803671189145,0.9076782449725777,0.9749971184331279
Sweet,0.07581803671189145,0.9081352833638026,0.9749971184331279
Sweet,0.07741420590582601,0.9081352833638026,0.9749971184331279
Sweet,0.07741420590582601,0.9108775137111518,0.9749971184331279
Sweet,0.0782122905027933,0.9108775137111518,0.9749971184331279
Sweet,0.0782122905027933,0.9127056672760512,0.9749971184331279
Sweet,0.07901037509976057,0.9127056672760512,0.9749971184331279
Sweet,0.07901037509976057,0.9145338208409507,0.9749971184331279
Sweet,0.07980845969672785,0.9145338208409507,0.9749971184331279
Sweet,0.07980845969672785,0.9159049360146252,0.9749971184331279
Sweet,0.08140462889066241,0.9159049360146252,0.9749971184331279
Sweet,0.08140462889066241,0.916819012797075,0.9749971184331279
Sweet,0.08300079808459697,0.916819012797075,0.9749971184331279
Sweet,0.08300079808459697,0.9172760511882998,0.9749971184331279
Sweet,0.08379888268156424,0.9172760511882998,0.9749971184331279
Sweet,0.08379888268156424,0.9181901279707495,0.9749971184331279
Sweet,0.08619313647246608,0.9181901279707495,0.9749971184331279
Sweet,0.08619313647246608,0.9186471663619744,0.9749971184331279
Sweet,0.08699122106943336,0.9186471663619744,0.9749971184331279
Sweet,0.08699122106943336,0.9191042047531993,0.9749971184331279
Sweet,0.08778930566640064,0.9191042047531993,0.9749971184331279
Sweet,0.08778930566640064,0.9209323583180987,0.9749971184331279
Sweet,0.08858739026336791,0.9209323583180987,0.9749971184331279
Sweet,0.08858739026336791,0.923217550274223,0.9749971184331279
Sweet,0.09257781324820431,0.923217550274223,0.9749971184331279
Sweet,0.09257781324820431,0.9241316270566727,0.9749971184331279
Sweet,0.09337589784517158,0.9241316270566727,0.9749971184331279
Sweet,0.09337589784517158,0.9245886654478976,0.9749971184331279
Sweet,0.09497206703910614,0.9245886654478976,0.9749971184331279
Sweet,0.09497206703910614,0.9250457038391224,0.9749971184331279
Sweet,0.0965682362330407,0.9250457038391224,0.9749971184331279
Sweet,0.0965682362330407,0.926416819012797,0.9749971184331279
Sweet,0.09976057462090981,0.926416819012797,0.9749971184331279
Sweet,0.09976057462090981,0.926873857404022,0.9749971184331279
Sweet,0.1005586592178771,0.926873857404022,0.9749971184331279
Sweet,0.1005586592178771,0.9296160877513712,0.9749971184331279
Sweet,0.10135674381484437,0.9296160877513712,0.9749971184331279
Sweet,0.10135674381484437,0.9309872029250457,0.9749971184331279
Sweet,0.10375099760574621,0.9309872029250457,0.9749971184331279
Sweet,0.10375099760574621,0.9314442413162706,0.9749971184331279
Sweet,0.11252992817238627,0.9314442413162706,0.9749971184331279
Sweet,0.11252992817238627,0.9323583180987203,0.9749971184331279
Sweet,0.1149241819632881,0.9323583180987203,0.9749971184331279
Sweet,0.1149241819632881,0.9328153564899452,0.9749971184331279
Sweet,0.11572226656025539,0.9328153564899452,0.9749971184331279
Sweet,0.11572226656025539,0.9351005484460695,0.9749971184331279
Sweet,0.11731843575418995,0.9351005484460695,0.9749971184331279
Sweet,0.11731843575418995,0.9355575868372943,0.9749971184331279
Sweet,0.12051077414205906,0.9355575868372943,0.9749971184331279
Sweet,0.12051077414205906,0.9364716636197441,0.9749971184331279
Sweet,0.12849162011173185,0.9364716636197441,0.9749971184331279
Sweet,0.12849162011173185,0.9369287020109689,0.9749971184331279
Sweet,0.1300877893056664,0.9369287020109689,0.9749971184331279
Sweet,0.1300877893056664,0.9387568555758684,0.9749971184331279
Sweet,0.13088587390263368,0.9387568555758684,0.9749971184331279
Sweet,0.13088587390263368,0.9392138939670932,0.9749971184331279
Sweet,0.13168395849960096,0.9392138939670932,0.9749971184331279
Sweet,0.13168395849960096,0.9396709323583181,0.9749971184331279
Sweet,0.13248204309656825,0.9396709323583181,0.9749971184331279
Sweet,0.13248204309656825,0.9419561243144424,0.9749971184331279
Sweet,0.1340782122905028,0.9419561243144424,0.9749971184331279
Sweet,0.1340782122905028,0.9424131627056673,0.9749971184331279
Sweet,0.13487629688747008,0.9424131627056673,0.9749971184331279
Sweet,0.13487629688747008,0.9437842778793418,0.9749971184331279
Sweet,0.13567438148443736,0.9437842778793418,0.9749971184331279
Sweet,0.13567438148443736,0.9442413162705667,0.9749971184331279
Sweet,0.13647246608140462,0.9442413162705667,0.9749971184331279
Sweet,0.13647246608140462,0.9446983546617916,0.9749971184331279
Sweet,0.1380686352753392,0.9446983546617916,0.9749971184331279
Sweet,0.1380686352753392,0.9451553930530164,0.9749971184331279
Sweet,0.13886671987230648,0.9451553930530164,0.9749971184331279
Sweet,0.13886671987230648,0.9456124314442413,0.9749971184331279
Sweet,0.1420590582601756,0.9456124314442413,0.9749971184331279
Sweet,0.1420590582601756,0.946526508226691,0.9749971184331279
Sweet,0.1452513966480447,0.946526508226691,0.9749971184331279
Sweet,0.1452513966480447,0.946983546617916,0.9749971184331279
Sweet,0.14684756584197925,0.946983546617916,0.9749971184331279
Sweet,0.14684756584197925,0.9483546617915904,0.9749971184331279
Sweet,0.14764565043894654,0.9483546617915904,0.9749971184331279
Sweet,0.14764565043894654,0.9492687385740403,0.9749971184331279
Sweet,0.1484437350359138,0.9492687385740403,0.9749971184331279
Sweet,0.1484437350359138,0.9497257769652651,0.9749971184331279
Sweet,0.15003990422984836,0.9497257769652651,0.9749971184331279
Sweet,0.15003990422984836,0.9506398537477148,0.9749971184331279
Sweet,0.15323224261771748,0.9506398537477148,0.9749971184331279
Sweet,0.15323224261771748,0.9515539305301646,0.9749971184331279
Sweet,0.1556264964086193,0.9515539305301646,0.9749971184331279
Sweet,0.1556264964086193,0.9524680073126143,0.9749971184331279
Sweet,0.15722266560255388,0.9524680073126143,0.9749971184331279
Sweet,0.15722266560255388,0.9529250457038391,0.9749971184331279
Sweet,0.15802075019952114,0.9529250457038391,0.9749971184331279
Sweet,0.15802075019952114,0.953382084095064,0.9749971184331279
Sweet,0.160415003990423,0.953382084095064,0.9749971184331279
Sweet,0.160415003990423,0.9538391224862889,0.9749971184331279
Sweet,0.16201117318435754,0.9538391224862889,0.9749971184331279
Sweet,0.16201117318435754,0.9547531992687386,0.9749971184331279
Sweet,0.16440542697525937,0.9547531992687386,0.9749971184331279
Sweet,0.16440542697525937,0.9552102376599635,0.9749971184331279
Sweet,0.16520351157222665,0.9552102376599635,0.9749971184331279
Sweet,0.16520351157222665,0.9556672760511883,0.9749971184331279
Sweet,0.16600159616919394,0.9556672760511883,0.9749971184331279
Sweet,0.16600159616919394,0.956581352833638,0.9749971184331279
Sweet,0.16759776536312848,0.956581352833638,0.9749971184331279
Sweet,0.16759776536312848,0.9579524680073126,0.9749971184331279
Sweet,0.16839584996009577,0.9579524680073126,0.9749971184331279
Sweet,0.16839584996009577,0.9584095063985375,0.9749971184331279
Sweet,0.17158818834796488,0.9584095063985375,0.9749971184331279
Sweet,0.17158818834796488,0.9588665447897623,0.9749971184331279
Sweet,0.17318435754189945,0.9588665447897623,0.9749971184331279
Sweet,0.17318435754189945,0.9593235831809872,0.9749971184331279
Sweet,0.1739824421388667,0.9593235831809872,0.9749971184331279
Sweet,0.1739824421388667,0.9597806215722121,0.9749971184331279
Sweet,0.17717478052673583,0.9597806215722121,0.9749971184331279
Sweet,0.17717478052673583,0.9602376599634369,0.9749971184331279
Sweet,0.18036711891460494,0.9602376599634369,0.9749971184331279
Sweet,0.18036711891460494,0.9611517367458866,0.9749971184331279
Sweet,0.18834796488427774,0.9611517367458866,0.9749971184331279
Sweet,0.18834796488427774,0.9634369287020109,0.9749971184331279
Sweet,0.189146049481245,0.9634369287020109,0.9749971184331279
Sweet,0.189146049481245,0.9638939670932358,0.9749971184331279
Sweet,0.19393455706304868,0.9638939670932358,0.9749971184331279
Sweet,0.19393455706304868,0.9648080438756855,0.9749971184331279
Sweet,0.20031923383878691,0.9648080438756855,0.9749971184331279
Sweet,0.20031923383878691,0.9657221206581352,0.9749971184331279
Sweet,0.20351157222665603,0.9657221206581352,0.9749971184331279
Sweet,0.20351157222665603,0.966636197440585,0.9749971184331279
Sweet,0.20430965682362331,0.966636197440585,0.9749971184331279
Sweet,0.20430965682362331,0.9670932358318098,0.9749971184331279
Sweet,0.20989624900239426,0.9670932358318098,0.9749971184331279
Sweet,0.20989624900239426,0.970292504570384,0.9749971184331279
Sweet,0.2122905027932961,0.970292504570384,0.9749971184331279
Sweet,0.2122905027932961,0.9707495429616088,0.9749971184331279
Sweet,0.21468475658419792,0.9707495429616088,0.9749971184331279
Sweet,0.21468475658419792,0.9712065813528337,0.9749971184331279
Sweet,0.2154828411811652,0.9712065813528337,0.9749971184331279
Sweet,0.2154828411811652,0.9716636197440585,0.9749971184331279
Sweet,0.21707901037509977,0.9716636197440585,0.9749971184331279
Sweet,0.21707901037509977,0.9721206581352834,0.9749971184331279
Sweet,0.2202713487629689,0.9721206581352834,0.9749971184331279
Sweet,0.2202713487629689,0.9725776965265083,0.9749971184331279
Sweet,0.23144453312051078,0.9725776965265083,0.9749971184331279
Sweet,0.23144453312051078,0.973491773308958,0.9749971184331279
Sweet,0.2346368715083799,0.973491773308958,0.9749971184331279
Sweet,0.2346368715083799,0.9739488117001828,0.9749971184331279
Sweet,0.24102154828411812,0.9739488117001828,0.9749971184331279
Sweet,0.24102154828411812,0.9744058500914077,0.9749971184331279
Sweet,0.24581005586592178,0.9744058500914077,0.9749971184331279
Sweet,0.24581005586592178,0.9753199268738574,0.9749971184331279
Sweet,0.24740622505985635,0.9753199268738574,0.9749971184331279
Sweet,0.24740622505985635,0.9757769652650823,0.9749971184331279
Sweet,0.2490023942537909,0.9757769652650823,0.9749971184331279
Sweet,0.2490023942537909,0.9762340036563071,0.9749971184331279
Sweet,0.25139664804469275,0.9762340036563071,0.9749971184331279
Sweet,0.25139664804469275,0.976691042047532,0.9749971184331279
Sweet,0.26256983240223464,0.976691042047532,0.9749971184331279
Sweet,0.26256983240223464,0.9771480804387569,0.9749971184331279
Sweet,0.2673583399840383,0.9771480804387569,0.9749971184331279
Sweet,0.2673583399840383,0.9776051188299817,0.9749971184331279
Sweet,0.27294493216280924,0.9776051188299817,0.9749971184331279
Sweet,0.27294493216280924,0.9780621572212066,0.9749971184331279
Sweet,0.28092577813248204,0.9780621572212066,0.9749971184331279
Sweet,0.28092577813248204,0.9785191956124314,0.9749971184331279
Sweet,0.2817238627294493,0.9785191956124314,0.9749971184331279
Sweet,0.2817238627294493,0.9789762340036563,0.9749971184331279
Sweet,0.2825219473264166,0.9789762340036563,0.9749971184331279
Sweet,0.2825219473264166,0.9794332723948812,0.9749971184331279
Sweet,0.286512370311253,0.9794332723948812,0.9749971184331279
Sweet,0.286512370311253,0.979890310786106,0.9749971184331279
Sweet,0.2897047086991221,0.979890310786106,0.9749971184331279
Sweet,0.2897047086991221,0.9803473491773309,0.9749971184331279
Sweet,0.2905027932960894,0.9803473491773309,0.9749971184331279
Sweet,0.2905027932960894,0.9808043875685558,0.9749971184331279
Sweet,0.29209896249002393,0.9808043875685558,0.9749971184331279
Sweet,0.29209896249002393,0.9812614259597806,0.9749971184331279
Sweet,0.2936951316839585,0.9812614259597806,0.9749971184331279
Sweet,0.2936951316839585,0.9821755027422303,0.9749971184331279
Sweet,0.3016759776536313,0.9821755027422303,0.9749971184331279
Sweet,0.3016759776536313,0.9826325411334552,0.9749971184331279
Sweet,0.3024740622505986,0.9826325411334552,0.9749971184331279
Sweet,0.3024740622505986,0.9830895795246801,0.9749971184331279
Sweet,0.3040702314445331,0.9830895795246801,0.9749971184331279
Sweet,0.3040702314445331,0.9835466179159049,0.9749971184331279
Sweet,0.30646448523543496,0.9835466179159049,0.9749971184331279
Sweet,0.30646448523543496,0.9844606946983546,0.9749971184331279
Sweet,0.30806065442936953,0.9844606946983546,0.9749971184331279
Sweet,0.30806065442936953,0.9849177330895795,0.9749971184331279
Sweet,0.320830007980846,0.9849177330895795,0.9749971184331279
Sweet,0.320830007980846,0.9853747714808044,0.9749971184331279
Sweet,0.32561851556264965,0.9853747714808044,0.9749971184331279
Sweet,0.32561851556264965,0.9858318098720292,0.9749971184331279
Sweet,0.33359936153232245,0.9858318098720292,0.9749971184331279
Sweet,0.33359936153232245,0.9862888482632541,0.9749971184331279
Sweet,0.3391859537110934,0.9862888482632541,0.9749971184331279
Sweet,0.3391859537110934,0.9867458866544789,0.9749971184331279
Sweet,0.3423782920989625,0.9867458866544789,0.9749971184331279
Sweet,0.3423782920989625,0.9876599634369287,0.9749971184331279
Sweet,0.3487629688747007,0.9876599634369287,0.9749971184331279
Sweet,0.3487629688747007,0.9881170018281535,0.9749971184331279
Sweet,0.35355147645650437,0.9881170018281535,0.9749971184331279
Sweet,0.35355147645650437,0.9885740402193784,0.9749971184331279
Sweet,0.3647246608140463,0.9885740402193784,0.9749971184331279
Sweet,0.3647246608140463,0.9890310786106032,0.9749971184331279
Sweet,0.3830806065442937,0.9890310786106032,0.9749971184331279
Sweet,0.3830806065442937,0.9894881170018281,0.9749971184331279
Sweet,0.39265762170790103,0.9894881170018281,0.9749971184331279
Sweet,0.39265762170790103,0.9899451553930531,0.9749971184331279
Sweet,0.4118116520351157,0.9899451553930531,0.9749971184331279
Sweet,0.4118116520351157,0.9904021937842779,0.9749971184331279
Sweet,0.4277733439744613,0.9904021937842779,0.9749971184331279
Sweet,0.4277733439744613,0.9908592321755028,0.9749971184331279
Sweet,0.4485235434956105,0.9908592321755028,0.9749971184331279
Sweet,0.4485235434956105,0.9913162705667276,0.9749971184331279
Sweet,0.4509177972865124,0.9913162705667276,0.9749971184331279
Sweet,0.4509177972865124,0.9917733089579525,0.9749971184331279
Sweet,0.4876296887470072,0.9917733089579525,0.9749971184331279
Sweet,0.4876296887470072,0.9922303473491774,0.9749971184331279
Sweet,0.5019952114924182,0.9922303473491774,0.9749971184331279
Sweet,0.5019952114924182,0.9931444241316271,0.9749971184331279
Sweet,0.5051875498802874,0.9931444241316271,0.9749971184331279
Sweet,0.5051875498802874,0.993601462522852,0.9749971184331279
Sweet,0.5403032721468476,0.993601462522852,0.9749971184331279
Sweet,0.5403032721468476,0.9940585009140768,0.9749971184331279
Sweet,0.5458898643256185,0.9940585009140768,0.9749971184331279
Sweet,0.5458898643256185,0.9945155393053017,0.9749971184331279
Sweet,0.5466879489225858,0.9945155393053017,0.9749971184331279
Sweet,0.5466879489225858,0.9949725776965265,0.9749971184331279
Sweet,0.5490822027134876,0.9949725776965265,0.9749971184331279
Sweet,0.5490822027134876,0.9954296160877514,0.9749971184331279
Sweet,0.5538707102952913,0.9954296160877514,0.9749971184331279
Sweet,0.5538707102952913,0.9958866544789763,0.9749971184331279
Sweet,0.5722266560255387,0.9958866544789763,0.9749971184331279
Sweet,0.5722266560255387,0.9963436928702011,0.9749971184331279
Sweet,0.596169193934557,0.9963436928702011,0.9749971184331279
Sweet,0.596169193934557,0.996800731261426,0.9749971184331279
Sweet,0.6113328012769353,0.996800731261426,0.9749971184331279
Sweet,0.6113328012769353,0.9972577696526508,0.9749971184331279
Sweet,0.6400638467677574,0.9972577696526508,0.9749971184331279
Sweet,0.6400638467677574,0.9977148080438757,0.9749971184331279
Sweet,0.6568236233040702,0.9977148080438757,0.9749971184331279
Sweet,0.6568236233040702,0.9981718464351006,0.9749971184331279
Sweet,0.6656025538707103,0.9981718464351006,0.9749971184331279
Sweet,0.6656025538707103,0.9986288848263254,0.9749971184331279
Sweet,0.6775738228252195,0.9986288848263254,0.9749971184331279
Sweet,0.6775738228252195,0.9990859232175503,0.9749971184331279
Sweet,0.825219473264166,0.9990859232175503,0.9749971184331279
Sweet,0.8268156424581006,0.9990859232175503,0.9749971184331279
Sweet,0.8922585794094174,0.9990859232175503,0.9749971184331279
Sweet,0.8922585794094174,0.9995429616087751,0.9749971184331279
Sweet,0.9481245011971269,0.9995429616087751,0.9749971184331279
Sweet,0.9481245011971269,1.0,0.9749971184331279
Sweet,1.0,1.0,0.9749971184331279
Bitter,0.0,0.0,0.958041151826315
Bitter,0.0,0.002066115702479339,0.958041151826315
Bitter,0.0,0.17355371900826447,0.958041151826315
Bitter,0.00033818058843422386,0.17355371900826447,0.958041151826315
Bitter,0.00033818058843422386,0.2603305785123967,0.958041151826315
Bitter,0.0006763611768684477,0.2603305785123967,0.958041151826315
Bitter,0.0006763611768684477,0.2665289256198347,0.958041151826315
Bitter,0.0010145417653026716,0.2665289256198347,0.958041151826315
Bitter,0.0010145417653026716,0.27479338842975204,0.958041151826315
Bitter,0.0013527223537368955,0.27479338842975204,0.958041151826315
Bitter,0.0013527223537368955,0.28512396694214875,0.958041151826315
Bitter,0.0016909029421711193,0.28512396694214875,0.958041151826315
Bitter,0.0016909029421711193,0.3285123966942149,0.958041151826315
Bitter,0.002029083530605343,0.3285123966942149,0.958041151826315
Bitter,0.002029083530605343,0.4090909090909091,0.958041151826315
Bitter,0.0023672641190395673,0.4090909090909091,0.958041151826315
Bitter,0.0023672641190395673,0.4214876033057851,0.958041151826315
Bitter,0.002705444707473791,0.4214876033057851,0.958041151826315
Bitter,0.002705444707473791,0.42355371900826444,0.958041151826315
Bitter,0.003043625295908015,0.42355371900826444,0.958041151826315
Bitter,0.003043625295908015,0.4524793388429752,0.958041151826315
Bitter,0.0033818058843422386,0.4524793388429752,0.958041151826315
Bitter,0.0033818058843422386,0.45454545454545453,0.958041151826315
Bitter,0.0037199864727764627,0.45454545454545453,0.958041151826315
Bitter,0.0037199864727764627,0.4793388429752066,0.958041151826315
Bitter,0.004058167061210686,0.4793388429752066,0.958041151826315
Bitter,0.004058167061210686,0.4896694214876033,0.958041151826315
Bitter,0.00439634764964491,0.4896694214876033,0.958041151826315
Bitter,0.00439634764964491,0.5041322314049587,0.958041151826315
Bitter,0.0047345282380791345,0.5041322314049587,0.958041151826315
Bitter,0.0047345282380791345,0.512396694214876,0.958041151826315
Bitter,0.005072708826513358,0.512396694214876,0.958041151826315
Bitter,0.005072708826513358,0.5206611570247934,0.958041151826315
Bitter,0.005410889414947582,0.5206611570247934,0.958041151826315
Bitter,0.005410889414947582,0.5454545454545454,0.958041151826315
Bitter,0.0057490700033818055,0.5454545454545454,0.958041151826315
Bitter,0.0057490700033818055,0.5640495867768595,0.958041151826315
Bitter,0.00608725059181603,0.5640495867768595,0.958041151826315
Bitter,0.00608725059181603,0.5785123966942148,0.958041151826315
Bitter,0.007101792357118702,0.5785123966942148,0.958041151826315
Bitter,0.007101792357118702,0.5847107438016529,0.958041151826315
Bitter,0.0074399729455529254,0.5847107438016529,0.958041151826315
Bitter,0.0074399729455529254,0.5909090909090909,0.958041151826315
Bitter,0.007778153533987149,0.5909090909090909,0.958041151826315
Bitter,0.007778153533987149,0.5950413223140496,0.958041151826315
Bitter,0.008116334122421373,0.5950413223140496,0.958041151826315
Bitter,0.008116334122421373,0.6033057851239669,0.958041151826315
Bitter,0.00879269529928982,0.6033057851239669,0.958041151826315
Bitter,0.00879269529928982,0.6115702479338843,0.958041151826315
Bitter,0.009130875887724045,0.6115702479338843,0.958041151826315
Bitter,0.009130875887724045,0.6136363636363636,0.958041151826315
Bitter,0.009469056476158269,0.6136363636363636,0.958041151826315
Bitter,0.009469056476158269,0.6157024793388429,0.958041151826315
Bitter,0.009807237064592493,0.6157024793388429,0.958041151826315
Bitter,0.009807237064592493,0.6177685950413223,0.958041151826315
Bitter,0.01048359824146094,0.6177685950413223,0.958041151826315
Bitter,0.01048359824146094,0.6198347107438017,0.958041151826315
Bitter,0.010821778829895164,0.6198347107438017,0.958041151826315
Bitter,0.010821778829895164,0.6301652892561983,0.958041151826315
Bitter,0.011159959418329387,0.6301652892561983,0.958041151826315
Bitter,0.011159959418329387,0.6322314049586777,0.958041151826315
Bitter,0.011498140006763611,0.6322314049586777,0.958041151826315
Bitter,0.011498140006763611,0.640495867768595,0.958041151826315
Bitter,0.011836320595197836,0.640495867768595,0.958041151826315
Bitter,0.011836320595197836,0.6487603305785123,0.958041151826315
Bitter,0.01217450118363206,0.6487603305785123,0.958041151826315
Bitter,0.01217450118363206,0.6528925619834711,0.958041151826315
Bitter,0.014203584714237404,0.6528925619834711,0.958041151826315
Bitter,0.014203584714237404,0.6611570247933884,0.958041151826315
Bitter,0.015218126479540075,0.6611570247933884,0.958041151826315
Bitter,0.015218126479540075,0.6632231404958677,0.958041151826315
Bitter,0.015556307067974298,0.6632231404958677,0.958041151826315
Bitter,0.015556307067974298,0.6673553719008265,0.958041151826315
Bitter,0.015894487656408524,0.6673553719008265,0.958041151826315
Bitter,0.015894487656408524,0.6694214876033058,0.958041151826315
Bitter,0.016232668244842745,0.6694214876033058,0.958041151826315
Bitter,0.016232668244842745,0.6714876033057852,0.958041151826315
Bitter,0.016909029421711193,0.6714876033057852,0.958041151826315
Bitter,0.016909029421711193,0.6735537190082644,0.958041151826315
Bitter,0.017247210010145418,0.6735537190082644,0.958041151826315
Bitter,0.017247210010145418,0.6797520661157025,0.958041151826315
Bitter,0.01826175177544809,0.6797520661157025,0.958041151826315
Bitter,0.01826175177544809,0.6838842975206612,0.958041151826315
Bitter,0.019614474129184985,0.6838842975206612,0.958041151826315
Bitter,0.019614474129184985,0.6921487603305785,0.958041151826315
Bitter,0.02096719648292188,0.6921487603305785,0.958041151826315
Bitter,0.02096719648292188,0.6983471074380165,0.958041151826315
Bitter,0.021981738248224553,0.6983471074380165,0.958041151826315
Bitter,0.021981738248224553,0.7045454545454546,0.958041151826315
Bitter,0.022319918836658775,0.7045454545454546,0.958041151826315
Bitter,0.022319918836658775,0.7148760330578512,0.958041151826315
Bitter,0.022658099425093,0.7148760330578512,0.958041151826315
Bitter,0.022658099425093,0.71900826446281,0.958041151826315
Bitter,0.022996280013527222,0.71900826446281,0.958041151826315
Bitter,0.022996280013527222,0.7210743801652892,0.958041151826315
Bitter,0.024687182955698342,0.7210743801652892,0.958041151826315
Bitter,0.024687182955698342,0.7231404958677686,0.958041151826315
Bitter,0.02705444707473791,0.7231404958677686,0.958041151826315
Bitter,0.02705444707473791,0.731404958677686,0.958041151826315
Bitter,0.027392627663172135,0.731404958677686,0.958041151826315
Bitter,0.027392627663172135,0.7334710743801653,0.958041151826315
Bitter,0.02874535001690903,0.7334710743801653,0.958041151826315
Bitter,0.02874535001690903,0.7355371900826446,0.958041151826315
Bitter,0.029083530605343254,0.7355371900826446,0.958041151826315
Bitter,0.029083530605343254,0.737603305785124,0.958041151826315
Bitter,0.029421711193777476,0.737603305785124,0.958041151826315
Bitter,0.029421711193777476,0.7396694214876033,0.958041151826315
Bitter,0.029759891782211702,0.7396694214876033,0.958041151826315
Bitter,0.029759891782211702,0.7417355371900827,0.958041151826315
Bitter,0.032127155901251266,0.7417355371900827,0.958041151826315
Bitter,0.032127155901251266,0.7479338842975206,0.958041151826315
Bitter,0.03347987825498817,0.7479338842975206,0.958041151826315
Bitter,0.03347987825498817,0.7541322314049587,0.958041151826315
Bitter,0.033818058843422386,0.7541322314049587,0.958041151826315
Bitter,0.033818058843422386,0.756198347107438,0.958041151826315
Bitter,0.03652350355089618,0.756198347107438,0.958041151826315
Bitter,0.03652350355089618,0.7603305785123967,0.958041151826315
Bitter,0.0368616841393304,0.7603305785123967,0.958041151826315
Bitter,0.0368616841393304,0.762396694214876,0.958041151826315
Bitter,0.03855258708150152,0.762396694214876,0.958041151826315
Bitter,0.03855258708150152,0.7665289256198347,0.958041151826315
Bitter,0.038890767669935745,0.7665289256198347,0.958041151826315
Bitter,0.038890767669935745,0.7706611570247934,0.958041151826315
Bitter,0.041258031788975316,0.7706611570247934,0.958041151826315
Bitter,0.041258031788975316,0.7727272727272727,0.958041151826315
Bitter,0.042272573554277985,0.7727272727272727,0.958041151826315
Bitter,0.042272573554277985,0.7747933884297521,0.958041151826315
Bitter,0.04261075414271221,0.7747933884297521,0.958041151826315
Bitter,0.04261075414271221,0.7768595041322314,0.958041151826315
Bitter,0.04463983767331755,0.7768595041322314,0.958041151826315
Bitter,0.04463983767331755,0.7789256198347108,0.958041151826315
Bitter,0.045316198850186,0.7789256198347108,0.958041151826315
Bitter,0.045316198850186,0.78099173553719,0.958041151826315
Bitter,0.047683462969225564,0.78099173553719,0.958041151826315
Bitter,0.047683462969225564,0.7871900826446281,0.958041151826315
Bitter,0.04869800473452824,0.7871900826446281,0.958041151826315
Bitter,0.04869800473452824,0.7913223140495868,0.958041151826315
Bitter,0.05038890767669936,0.7913223140495868,0.958041151826315
Bitter,0.05038890767669936,0.7933884297520661,0.958041151826315
Bitter,0.05140344944200203,0.7933884297520661,0.958041151826315
Bitter,0.05140344944200203,0.7975206611570248,0.958041151826315
Bitter,0.051741630030436254,0.7975206611570248,0.958041151826315
Bitter,0.051741630030436254,0.7995867768595041,0.958041151826315
Bitter,0.05309435238417315,0.7995867768595041,0.958041151826315
Bitter,0.05309435238417315,0.8016528925619835,0.958041151826315
Bitter,0.05478525532634427,0.8016528925619835,0.958041151826315
Bitter,0.05478525532634427,0.8037190082644629,0.958041151826315
Bitter,0.05546161650321271,0.8037190082644629,0.958041151826315
Bitter,0.05546161650321271,0.8078512396694215,0.958041151826315
Bitter,0.056137977680081164,0.8078512396694215,0.958041151826315
Bitter,0.056137977680081164,0.8099173553719008,0.958041151826315
Bitter,0.05884342238755495,0.8099173553719008,0.958041151826315
Bitter,0.05884342238755495,0.8119834710743802,0.958041151826315
Bitter,0.059519783564423404,0.8119834710743802,0.958041151826315
Bitter,0.059519783564423404,0.8161157024793388,0.958041151826315
Bitter,0.06019614474129185,0.8161157024793388,0.958041151826315
Bitter,0.06019614474129185,0.8181818181818182,0.958041151826315
Bitter,0.06154886709502874,0.8181818181818182,0.958041151826315
Bitter,0.06154886709502874,0.8202479338842975,0.958041151826315
Bitter,0.06459249239093676,0.8202479338842975,0.958041151826315
Bitter,0.06459249239093676,0.8223140495867769,0.958041151826315
Bitter,0.06560703415623943,0.8223140495867769,0.958041151826315
Bitter,0.06560703415623943,0.8243801652892562,0.958041151826315
Bitter,0.06662157592154211,0.8243801652892562,0.958041151826315
Bitter,0.06662157592154211,0.8264462809917356,0.958041151826315
Bitter,0.06729793709841055,0.8264462809917356,0.958041151826315
Bitter,0.06729793709841055,0.8305785123966942,0.958041151826315
Bitter,0.06763611768684477,0.8305785123966942,0.958041151826315
Bitter,0.06763611768684477,0.8326446280991735,0.958041151826315
Bitter,0.06831247886371322,0.8326446280991735,0.958041151826315
Bitter,0.06831247886371322,0.8347107438016529,0.958041151826315
Bitter,0.06898884004058167,0.8347107438016529,0.958041151826315
Bitter,0.06898884004058167,0.8409090909090909,0.958041151826315
Bitter,0.0693270206290159,0.8409090909090909,0.958041151826315
Bitter,0.0693270206290159,0.8429752066115702,0.958041151826315
Bitter,0.07034156239431856,0.8429752066115702,0.958041151826315
Bitter,0.07034156239431856,0.8450413223140496,0.958041151826315
Bitter,0.0737233682786608,0.8450413223140496,0.958041151826315
Bitter,0.0737233682786608,0.8471074380165289,0.958041151826315
Bitter,0.07473791004396348,0.8471074380165289,0.958041151826315
Bitter,0.07473791004396348,0.8491735537190083,0.958041151826315
Bitter,0.07609063239770038,0.8491735537190083,0.958041151826315
Bitter,0.07609063239770038,0.8512396694214877,0.958041151826315
Bitter,0.07744335475143727,0.8512396694214877,0.958041151826315
Bitter,0.07744335475143727,0.8553719008264463,0.958041151826315
Bitter,0.07845789651673994,0.8553719008264463,0.958041151826315
Bitter,0.07845789651673994,0.8574380165289256,0.958041151826315
Bitter,0.08014879945891105,0.8574380165289256,0.958041151826315
Bitter,0.08014879945891105,0.8615702479338843,0.958041151826315
Bitter,0.0835306053432533,0.8615702479338843,0.958041151826315
Bitter,0.0835306053432533,0.8636363636363636,0.958041151826315
Bitter,0.0848833276969902,0.8636363636363636,0.958041151826315
Bitter,0.0848833276969902,0.8657024793388429,0.958041151826315
Bitter,0.08758877240446399,0.8657024793388429,0.958041151826315
Bitter,0.08758877240446399,0.8677685950413223,0.958041151826315
Bitter,0.08860331416976666,0.8677685950413223,0.958041151826315
Bitter,0.08860331416976666,0.8698347107438017,0.958041151826315
Bitter,0.09029421711193777,0.8698347107438017,0.958041151826315
Bitter,0.09029421711193777,0.871900826446281,0.958041151826315
Bitter,0.09299966181941156,0.871900826446281,0.958041151826315
Bitter,0.09299966181941156,0.8739669421487604,0.958041151826315
Bitter,0.0950287453500169,0.8739669421487604,0.958041151826315
Bitter,0.0950287453500169,0.8760330578512396,0.958041151826315
Bitter,0.09874873182279337,0.8760330578512396,0.958041151826315
Bitter,0.09874873182279337,0.878099173553719,0.958041151826315
Bitter,0.1004396347649645,0.878099173553719,0.958041151826315
Bitter,0.1004396347649645,0.8801652892561983,0.958041151826315
Bitter,0.10145417653026716,0.8801652892561983,0.958041151826315
Bitter,0.10145417653026716,0.8822314049586777,0.958041151826315
Bitter,0.10652688535678052,0.8822314049586777,0.958041151826315
Bitter,0.10652688535678052,0.8842975206611571,0.958041151826315
Bitter,0.10889414947582009,0.8842975206611571,0.958041151826315
Bitter,0.10889414947582009,0.8863636363636364,0.958041151826315
Bitter,0.11498140006763612,0.8863636363636364,0.958041151826315
Bitter,0.11498140006763612,0.8884297520661157,0.958041151826315
Bitter,0.1176868447751099,0.8884297520661157,0.958041151826315
Bitter,0.1176868447751099,0.890495867768595,0.958041151826315
Bitter,0.11870138654041258,0.890495867768595,0.958041151826315
Bitter,0.11870138654041258,0.8925619834710744,0.958041151826315
Bitter,0.12005410889414947,0.8925619834710744,0.958041151826315
Bitter,0.12005410889414947,0.8946280991735537,0.958041151826315
Bitter,0.1301995265471762,0.8946280991735537,0.958041151826315
Bitter,0.1301995265471762,0.8966942148760331,0.958041151826315
Bitter,0.13324315184308422,0.8966942148760331,0.958041151826315
Bitter,0.13324315184308422,0.8987603305785123,0.958041151826315
Bitter,0.13628677713899223,0.8987603305785123,0.958041151826315
Bitter,0.13628677713899223,0.9008264462809917,0.958041151826315
Bitter,0.14271220831924247,0.9008264462809917,0.958041151826315
Bitter,0.14271220831924247,0.9028925619834711,0.958041151826315
Bitter,0.14372675008454514,0.9028925619834711,0.958041151826315
Bitter,0.14372675008454514,0.9070247933884298,0.958041151826315
Bitter,0.1484612783226243,0.9070247933884298,0.958041151826315
Bitter,0.1484612783226243,0.9090909090909091,0.958041151826315
Bitter,0.15421034832600608,0.9090909090909091,0.958041151826315
Bitter,0.15421034832600608,0.9111570247933884,0.958041151826315
Bitter,0.1599594183293879,0.9111570247933884,0.958041151826315
Bitter,0.1599594183293879,0.9132231404958677,0.958041151826315
Bitter,0.16367940480216436,0.9132231404958677,0.958041151826315
Bitter,0.16367940480216436,0.9152892561983471,0.958041151826315
Bitter,0.16604666892120393,0.9152892561983471,0.958041151826315
Bitter,0.16604666892120393,0.9173553719008265,0.958041151826315
Bitter,0.16739939127494083,0.9173553719008265,0.958041151826315
Bitter,0.16739939127494083,0.9214876033057852,0.958041151826315
Bitter,0.1684139330402435,0.9214876033057852,0.958041151826315
Bitter,0.1684139330402435,0.9256198347107438,0.958041151826315
Bitter,0.17348664186675686,0.9256198347107438,0.958041151826315
Bitter,0.17348664186675686,0.9276859504132231,0.958041151826315
Bitter,0.17822117010483599,0.9276859504132231,0.958041151826315
Bitter,0.17822117010483599,0.9297520661157025,0.958041151826315
Bitter,0.1799120730470071,0.9297520661157025,0.958041151826315
Bitter,0.1799120730470071,0.9318181818181818,0.958041151826315
Bitter,0.18025025363544134,0.9318181818181818,0.958041151826315
Bitter,0.18025025363544134,0.9338842975206612,0.958041151826315
Bitter,0.1900574907000338,0.9338842975206612,0.958041151826315
Bitter,0.1900574907000338,0.9359504132231405,0.958041151826315
Bitter,0.20189381129523165,0.9359504132231405,0.958041151826315
Bitter,0.20189381129523165,0.9380165289256198,0.958041151826315
Bitter,0.20730470071017923,0.9380165289256198,0.958041151826315
Bitter,0.20730470071017923,0.9400826446280992,0.958041151826315
Bitter,0.21136286777138993,0.9400826446280992,0.958041151826315
Bitter,0.21136286777138993,0.9421487603305785,0.958041151826315
Bitter,0.21745011836320596,0.9421487603305785,0.958041151826315
Bitter,0.21745011836320596,0.9442148760330579,0.958041151826315
Bitter,0.21846466012850863,0.9442148760330579,0.958041151826315
Bitter,0.21846466012850863,0.9462809917355371,0.958041151826315
Bitter,0.2225228271897193,0.9462809917355371,0.958041151826315
Bitter,0.2225228271897193,0.9483471074380165,0.958041151826315
Bitter,0.22861007778153533,0.9483471074380165,0.958041151826315
Bitter,0.22861007778153533,0.9504132231404959,0.958041151826315
Bitter,0.23063916131214068,0.9504132231404959,0.958041151826315
Bitter,0.23063916131214068,0.9524793388429752,0.958041151826315
Bitter,0.2323300642543118,0.9524793388429752,0.958041151826315
Bitter,0.2323300642543118,0.9545454545454546,0.958041151826315
Bitter,0.2502536354413257,0.9545454545454546,0.958041151826315
Bitter,0.2502536354413257,0.9566115702479339,0.958041151826315
Bitter,0.26276631721339194,0.9566115702479339,0.958041151826315
Bitter,0.26276631721339194,0.9586776859504132,0.958041151826315
Bitter,0.28373351369631383,0.9586776859504132,0.958041151826315
Bitter,0.28373351369631383,0.9607438016528925,0.958041151826315
Bitter,0.28779168075752454,0.9607438016528925,0.958041151826315
Bitter,0.28779168075752454,0.9628099173553719,0.958041151826315
Bitter,0.3019952654717619,0.9628099173553719,0.958041151826315
Bitter,0.3019952654717619,0.9648760330578512,0.958041151826315
Bitter,0.30233344606019613,0.9648760330578512,0.958041151826315
Bitter,0.30233344606019613,0.9669421487603306,0.958041151826315
Bitter,0.3128170443016571,0.9669421487603306,0.958041151826315
Bitter,0.3128170443016571,0.9710743801652892,0.958041151826315
Bitter,0.3178897531281704,0.9710743801652892,0.958041151826315
Bitter,0.3178897531281704,0.9731404958677686,0.958041151826315
Bitter,0.3405478525532634,0.9731404958677686,0.958041151826315
Bitter,0.3405478525532634,0.9752066115702479,0.958041151826315
Bitter,0.3611768684477511,0.9752066115702479,0.958041151826315
Bitter,0.3611768684477511,0.9772727272727273,0.958041151826315
Bitter,0.3621914102130538,0.9772727272727273,0.958041151826315
Bitter,0.3621914102130538,0.9793388429752066,0.958041151826315
Bitter,0.365573216097396,0.9793388429752066,0.958041151826315
Bitter,0.365573216097396,0.981404958677686,0.958041151826315
Bitter,0.37267500845451473,0.981404958677686,0.958041151826315
Bitter,0.37267500845451473,0.9834710743801653,0.958041151826315
Bitter,0.39026039905309434,0.9834710743801653,0.958041151826315
Bitter,0.39026039905309434,0.9855371900826446,0.958041151826315
Bitter,0.39059857964152855,0.9855371900826446,0.958041151826315
Bitter,0.39059857964152855,0.987603305785124,0.958041151826315
Bitter,0.4690564761582685,0.987603305785124,0.958041151826315
Bitter,0.4690564761582685,0.9896694214876033,0.958041151826315
Bitter,0.47683462969225565,0.9896694214876033,0.958041151826315
Bitter,0.47683462969225565,0.9917355371900827,0.958041151826315
Bitter,0.48190733851876905,0.9917355371900827,0.958041151826315
Bitter,0.48190733851876905,0.993801652892562,0.958041151826315
Bitter,0.5590125126817721,0.993801652892562,0.958041151826315
Bitter,0.5590125126817721,0.9958677685950413,0.958041151826315
Bitter,0.6831247886371322,0.9958677685950413,0.958041151826315
Bitter,0.6831247886371322,0.9979338842975206,0.958041151826315
Bitter,0.7297937098410551,0.9979338842975206,0.958041151826315
Bitter,0.7297937098410551,1.0,0.958041151826315
Bitter,0.779506256340886,1.0,0.958041151826315
Bitter,0.7801826175177545,1.0,0.958041151826315
Bitter,1.0,1.0,0.958041151826315
Umami,0.0,0.0,0.9860100561963916
Umami,0.0,0.016666666666666666,0.9860100561963916
Umami,0.0,0.5166666666666667,0.9860100561963916
Umami,0.0002957704821058858,0.5166666666666667,0.9860100561963916
Umami,0.0002957704821058858,0.5666666666666667,0.9860100561963916
Umami,0.0005915409642117716,0.5666666666666667,0.9860100561963916
Umami,0.0005915409642117716,0.5833333333333334,0.9860100561963916
Umami,0.0008873114463176575,0.5833333333333334,0.9860100561963916
Umami,0.0008873114463176575,0.7166666666666667,0.9860100561963916
Umami,0.0011830819284235432,0.7166666666666667,0.9860100561963916
Umami,0.0011830819284235432,0.75,0.9860100561963916
Umami,0.001774622892635315,0.75,0.9860100561963916
Umami,0.001774622892635315,0.7666666666666667,0.9860100561963916
Umami,0.0026619343389529724,0.7666666666666667,0.9860100561963916
Umami,0.0026619343389529724,0.7833333333333333,0.9860100561963916
Umami,0.0029577048210588583,0.7833333333333333,0.9860100561963916
Umami,0.0029577048210588583,0.8,0.9860100561963916
Umami,0.003845016267376516,0.8,0.9860100561963916
Umami,0.003845016267376516,0.8166666666666667,0.9860100561963916
Umami,0.0044365572315882874,0.8166666666666667,0.9860100561963916
Umami,0.0044365572315882874,0.8333333333333334,0.9860100561963916
Umami,0.004732327713694173,0.8333333333333334,0.9860100561963916
Umami,0.004732327713694173,0.85,0.9860100561963916
Umami,0.005028098195800059,0.85,0.9860100561963916
Umami,0.005028098195800059,0.8666666666666667,0.9860100561963916
Umami,0.005915409642117717,0.8666666666666667,0.9860100561963916
Umami,0.005915409642117717,0.8833333333333333,0.9860100561963916
Umami,0.00709849157054126,0.8833333333333333,0.9860100561963916
Umami,0.00709849157054126,0.9166666666666666,0.9860100561963916
Umami,0.009760425909494233,0.9166666666666666,0.9860100561963916
Umami,0.009760425909494233,0.9333333333333333,0.9860100561963916
Umami,0.014492753623188406,0.9333333333333333,0.9860100561963916
Umami,0.014492753623188406,0.95,0.9860100561963916
Umami,0.03253475303164744,0.95,0.9860100561963916
Umami,0.03253475303164744,0.9666666666666667,0.9860100561963916
Umami,0.10115350488021295,0.9666666666666667,0.9860100561963916
Umami,0.10174504584442473,0.9666666666666667,0.9860100561963916
Umami,0.34960070984915703,0.9666666666666667,0.9860100561963916
Umami,0.34960070984915703,0.9833333333333333,0.9860100561963916
Umami,0.3765158237207927,0.9833333333333333,0.9860100561963916
Umami,0.3765158237207927,1.0,0.9860100561963916
Umami,1.0,1.0,0.9860100561963916
Sour,0.0,0.0,0.9916905302656265
Sour,0.0,0.003076923076923077,0.9916905302656265
Sour,0.0,0.5446153846153846,0.9916905302656265
Sour,0.00032092426187419767,0.5446153846153846,0.9916905302656265
Sour,0.00032092426187419767,0.6030769230769231,0.9916905302656265
Sour,0.0006418485237483953,0.6030769230769231,0.9916905302656265
Sour,0.0006418485237483953,0.6738461538461539,0.9916905302656265
Sour,0.0009627727856225931,0.6738461538461539,0.9916905302656265
Sour,0.0009627727856225931,0.6984615384615385,0.9916905302656265
Sour,0.0012836970474967907,0.6984615384615385,0.9916905302656265
Sour,0.0012836970474967907,0.72,0.9916905302656265
Sour,0.0016046213093709885,0.72,0.9916905302656265
Sour,0.0016046213093709885,0.7507692307692307,0.9916905302656265
Sour,0.0019255455712451862,0.7507692307692307,0.9916905302656265
Sour,0.0019255455712451862,0.7630769230769231,0.9916905302656265
Sour,0.0025673940949935813,0.7630769230769231,0.9916905302656265
Sour,0.0025673940949935813,0.8184615384615385,0.9916905302656265
Sour,0.002888318356867779,0.8184615384615385,0.9916905302656265
Sour,0.002888318356867779,0.8369230769230769,0.9916905302656265
Sour,0.003209242618741977,0.8369230769230769,0.9916905302656265
Sour,0.003209242618741977,0.8492307692307692,0.9916905302656265
Sour,0.0035301668806161745,0.8492307692307692,0.9916905302656265
Sour,0.0035301668806161745,0.8646153846153846,0.9916905302656265
Sour,0.004813863928112966,0.8646153846153846,0.9916905302656265
Sour,0.004813863928112966,0.8738461538461538,0.9916905302656265
Sour,0.006097560975609756,0.8738461538461538,0.9916905302656265
Sour,0.006097560975609756,0.88,0.9916905302656265
Sour,0.006418485237483954,0.88,0.9916905302656265
Sour,0.006418485237483954,0.8830769230769231,0.9916905302656265
Sour,0.006739409499358151,0.8830769230769231,0.9916905302656265
Sour,0.006739409499358151,0.8861538461538462,0.9916905302656265
Sour,0.007060333761232349,0.8861538461538462,0.9916905302656265
Sour,0.007060333761232349,0.8953846153846153,0.9916905302656265
Sour,0.007381258023106547,0.8953846153846153,0.9916905302656265
Sour,0.007381258023106547,0.8984615384615384,0.9916905302656265
Sour,0.008023106546854942,0.8984615384615384,0.9916905302656265
Sour,0.008023106546854942,0.9076923076923077,0.9916905302656265
Sour,0.00834403080872914,0.9076923076923077,0.9916905302656265
Sour,0.00834403080872914,0.92,0.9916905302656265
Sour,0.008985879332477536,0.92,0.9916905302656265
Sour,0.008985879332477536,0.9261538461538461,0.9916905302656265
Sour,0.00994865211810013,0.9261538461538461,0.9916905302656265
Sour,0.00994865211810013,0.9292307692307692,0.9916905302656265
Sour,0.011232349165596919,0.9292307692307692,0.9916905302656265
Sour,0.011232349165596919,0.9353846153846154,0.9916905302656265
Sour,0.012195121951219513,0.9353846153846154,0.9916905302656265
Sour,0.012195121951219513,0.9384615384615385,0.9916905302656265
Sour,0.014120667522464698,0.9384615384615385,0.9916905302656265
Sour,0.014120667522464698,0.9446153846153846,0.9916905302656265
Sour,0.016367137355584083,0.9446153846153846,0.9916905302656265
Sour,0.016367137355584083,0.9476923076923077,0.9916905302656265
Sour,0.022143774069319642,0.9476923076923077,0.9916905302656265
Sour,0.022143774069319642,0.9507692307692308,0.9916905302656265
Sour,0.03273427471116817,0.9507692307692308,0.9916905302656265
Sour,0.03273427471116817,0.9538461538461539,0.9916905302656265
Sour,0.03626444159178434,0.9538461538461539,0.9916905302656265
Sour,0.03626444159178434,0.9569230769230769,0.9916905302656265
Sour,0.0420410783055199,0.9569230769230769,0.9916905302656265
Sour,0.0420410783055199,0.96,0.9916905302656265
Sour,0.06161745827984596,0.96,0.9916905302656265
Sour,0.06161745827984596,0.963076923076923,0.9916905302656265
Sour,0.06354300385109114,0.963076923076923,0.9916905302656265
Sour,0.06354300385109114,0.9661538461538461,0.9916905302656265
Sour,0.0834403080872914,0.9661538461538461,0.9916905302656265
Sour,0.0834403080872914,0.9692307692307692,0.9916905302656265
Sour,0.0840821566110398,0.9692307692307692,0.9916905302656265
Sour,0.0840821566110398,0.9723076923076923,0.9916905302656265
Sour,0.08536585365853659,0.9723076923076923,0.9916905302656265
Sour,0.08536585365853659,0.9753846153846154,0.9916905302656265
Sour,0.1383183568677792,0.9753846153846154,0.9916905302656265
Sour,0.1383183568677792,0.9784615384615385,0.9916905302656265
Sour,0.14858793324775352,0.9784615384615385,0.9916905302656265
Sour,0.14858793324775352,0.9815384615384616,0.9916905302656265
Sour,0.15596919127086006,0.9815384615384616,0.9916905302656265
Sour,0.15596919127086006,0.9846153846153847,0.9916905302656265
Sour,0.17105263157894737,0.9846153846153847,0.9916905302656265
Sour,0.17105263157894737,0.9876923076923076,0.9916905302656265
Sour,0.24614890885750962,0.9876923076923076,0.9916905302656265
Sour,0.24614890885750962,0.9907692307692307,0.9916905302656265
Sour,0.2766367137355584,0.9907692307692307,0.9916905302656265
Sour,0.2766367137355584,0.9938461538461538,0.9916905302656265
Sour,0.29781771501925547,0.9938461538461538,0.9916905302656265
Sour,0.29781771501925547,0.9969230769230769,0.9916905302656265
Sour,0.36649550706033374,0.9969230769230769,0.9916905302656265
Sour,0.36649550706033374,1.0,0.9916905302656265
Sour,0.8892811296534018,1.0,0.9916905302656265
Sour,0.8899229781771502,1.0,0.9916905302656265
Sour,1.0,1.0,0.9916905302656265
Salty,0.0,0.0,0.9969150174621653
Salty,0.0,0.2,0.9969150174621653
Salty,0.0,0.4,0.9969150174621653
Salty,0.004074505238649592,0.4,0.9969150174621653
Salty,0.004074505238649592,0.6,0.9969150174621653
Salty,0.004947613504074505,0.6,0.9969150174621653
Salty,0.004947613504074505,0.8,0.9969150174621653
Salty,0.006402793946449359,0.8,0.9969150174621653
Salty,0.006402793946449359,1.0,0.9969150174621653
Salty,0.43568102444703144,1.0,0.9969150174621653
Salty,0.4362630966239814,1.0,0.9969150174621653
Salty,0.6923748544819558,1.0,0.9969150174621653
Salty,0.6929569266589057,1.0,0.9969150174621653
Salty,1.0,1.0,0.9969150174621653
Other,0.0,0.0,0.9493411467799084
Other,0.0,0.002207505518763797,0.9493411467799084
Other,0.0,0.037527593818984545,0.9493411467799084
Other,0.00033467202141900936,0.037527593818984545,0.9493411467799084
Other,0.00033467202141900936,0.0684326710816777,0.9493411467799084
Other,0.0013386880856760374,0.0684326710816777,0.9493411467799084
Other,0.0013386880856760374,0.10596026490066225,0.9493411467799084
Other,0.0016733601070950468,0.10596026490066225,0.9493411467799084
Other,0.0016733601070950468,0.11258278145695365,0.9493411467799084
Other,0.002008032128514056,0.11258278145695365,0.9493411467799084
Other,0.002008032128514056,0.11920529801324503,0.9493411467799084
Other,0.0023427041499330657,0.11920529801324503,0.9493411467799084
Other,0.0023427041499330657,0.12582781456953643,0.9493411467799084
Other,0.002677376171352075,0.12582781456953643,0.9493411467799084
Other,0.002677376171352075,0.17880794701986755,0.9493411467799084
Other,0.0030120481927710845,0.17880794701986755,0.9493411467799084
Other,0.0030120481927710845,0.18763796909492272,0.9493411467799084
Other,0.0033467202141900937,0.18763796909492272,0.9493411467799084
Other,0.0033467202141900937,0.19646799116997793,0.9493411467799084
Other,0.003681392235609103,0.19646799116997793,0.9493411467799084
Other,0.003681392235609103,0.2141280353200883,0.9493411467799084
Other,0.004016064257028112,0.2141280353200883,0.9493411467799084
Other,0.004016064257028112,0.2185430463576159,0.9493411467799084
Other,0.004685408299866131,0.2185430463576159,0.9493411467799084
Other,0.004685408299866131,0.23841059602649006,0.9493411467799084
Other,0.0050200803212851405,0.23841059602649006,0.9493411467799084
Other,0.0050200803212851405,0.24503311258278146,0.9493411467799084
Other,0.00535475234270415,0.24503311258278146,0.9493411467799084
Other,0.00535475234270415,0.25386313465783666,0.9493411467799084
Other,0.005689424364123159,0.25386313465783666,0.9493411467799084
Other,0.005689424364123159,0.26490066225165565,0.9493411467799084
Other,0.006024096385542169,0.26490066225165565,0.9493411467799084
Other,0.006024096385542169,0.2869757174392936,0.9493411467799084
Other,0.007028112449799197,0.2869757174392936,0.9493411467799084
Other,0.007028112449799197,0.30022075055187636,0.9493411467799084
Other,0.008032128514056224,0.30022075055187636,0.9493411467799084
Other,0.008032128514056224,0.31125827814569534,0.9493411467799084
Other,0.008366800535475234,0.31125827814569534,0.9493411467799084
Other,0.008366800535475234,0.31788079470198677,0.9493411467799084
Other,0.009036144578313253,0.31788079470198677,0.9493411467799084
Other,0.009036144578313253,0.32450331125827814,0.9493411467799084
Other,0.010040160642570281,0.32450331125827814,0.9493411467799084
Other,0.010040160642570281,0.32671081677704195,0.9493411467799084
Other,0.0107095046854083,0.32671081677704195,0.9493411467799084
Other,0.0107095046854083,0.34216335540838855,0.9493411467799084
Other,0.01104417670682731,0.34216335540838855,0.9493411467799084
Other,0.01104417670682731,0.3443708609271523,0.9493411467799084
Other,0.011713520749665328,0.3443708609271523,0.9493411467799084
Other,0.011713520749665328,0.3465783664459161,0.9493411467799084
Other,0.013052208835341365,0.3465783664459161,0.9493411467799084
Other,0.013052208835341365,0.3487858719646799,0.9493411467799084
Other,0.013721552878179385,0.3487858719646799,0.9493411467799084
Other,0.013721552878179385,0.3554083885209713,0.9493411467799084
Other,0.014390896921017403,0.3554083885209713,0.9493411467799084
Other,0.014390896921017403,0.37969094922737306,0.9493411467799084
Other,0.014725568942436412,0.37969094922737306,0.9493411467799084
Other,0.014725568942436412,0.3818984547461369,0.9493411467799084
Other,0.015060240963855422,0.3818984547461369,0.9493411467799084
Other,0.015060240963855422,0.3841059602649007,0.9493411467799084
Other,0.01639892904953146,0.3841059602649007,0.9493411467799084
Other,0.01639892904953146,0.40176600441501104,0.9493411467799084
Other,0.01706827309236948,0.40176600441501104,0.9493411467799084
Other,0.01706827309236948,0.40618101545253865,0.9493411467799084
Other,0.017737617135207495,0.40618101545253865,0.9493411467799084
Other,0.017737617135207495,0.4260485651214128,0.9493411467799084
Other,0.018072289156626505,0.4260485651214128,0.9493411467799084
Other,0.018072289156626505,0.4326710816777042,0.9493411467799084
Other,0.019076305220883535,0.4326710816777042,0.9493411467799084
Other,0.019076305220883535,0.4392935982339956,0.9493411467799084
Other,0.020080321285140562,0.4392935982339956,0.9493411467799084
Other,0.020080321285140562,0.44370860927152317,0.9493411467799084
Other,0.020749665327978582,0.44370860927152317,0.9493411467799084
Other,0.020749665327978582,0.4481236203090508,0.9493411467799084
Other,0.02108433734939759,0.4481236203090508,0.9493411467799084
Other,0.02108433734939759,0.45253863134657835,0.9493411467799084
Other,0.02208835341365462,0.45253863134657835,0.9493411467799084
Other,0.02208835341365462,0.45695364238410596,0.9493411467799084
Other,0.023092369477911646,0.45695364238410596,0.9493411467799084
Other,0.023092369477911646,0.47240618101545256,0.9493411467799084
Other,0.023761713520749666,0.47240618101545256,0.9493411467799084
Other,0.023761713520749666,0.4746136865342163,0.9493411467799084
Other,0.024431057563587683,0.4746136865342163,0.9493411467799084
Other,0.024431057563587683,0.48344370860927155,0.9493411467799084
Other,0.024765729585006693,0.48344370860927155,0.9493411467799084
Other,0.024765729585006693,0.4878587196467991,0.9493411467799084
Other,0.025100401606425703,0.4878587196467991,0.9493411467799084
Other,0.025100401606425703,0.4900662251655629,0.9493411467799084
Other,0.025435073627844713,0.4900662251655629,0.9493411467799084
Other,0.025435073627844713,0.4922737306843267,0.9493411467799084
Other,0.02710843373493976,0.4922737306843267,0.9493411467799084
Other,0.02710843373493976,0.4988962472406181,0.9493411467799084
Other,0.02744310575635877,0.4988962472406181,0.9493411467799084
Other,0.02744310575635877,0.5033112582781457,0.9493411467799084
Other,0.028781793842034806,0.5033112582781457,0.9493411467799084
Other,0.028781793842034806,0.5143487858719646,0.9493411467799084
Other,0.029116465863453816,0.5143487858719646,0.9493411467799084
Other,0.029116465863453816,0.5209713024282561,0.9493411467799084
Other,0.029451137884872823,0.5209713024282561,0.9493411467799084
Other,0.029451137884872823,0.5275938189845475,0.9493411467799084
Other,0.029785809906291833,0.5275938189845475,0.9493411467799084
Other,0.029785809906291833,0.5320088300220751,0.9493411467799084
Other,0.030120481927710843,0.5320088300220751,0.9493411467799084
Other,0.030120481927710843,0.5364238410596026,0.9493411467799084
Other,0.03112449799196787,0.5364238410596026,0.9493411467799084
Other,0.03112449799196787,0.5386313465783664,0.9493411467799084
Other,0.03179384203480589,0.5386313465783664,0.9493411467799084
Other,0.03179384203480589,0.543046357615894,0.9493411467799084
Other,0.0321285140562249,0.543046357615894,0.9493411467799084
Other,0.0321285140562249,0.5496688741721855,0.9493411467799084
Other,0.03279785809906292,0.5496688741721855,0.9493411467799084
Other,0.03279785809906292,0.5518763796909493,0.9493411467799084
Other,0.03313253012048193,0.5518763796909493,0.9493411467799084
Other,0.03313253012048193,0.5607064017660044,0.9493411467799084
Other,0.03346720214190094,0.5607064017660044,0.9493411467799084
Other,0.03346720214190094,0.5629139072847682,0.9493411467799084
Other,0.034471218206157964,0.5629139072847682,0.9493411467799084
Other,0.034471218206157964,0.5739514348785872,0.9493411467799084
Other,0.03480589022757698,0.5739514348785872,0.9493411467799084
Other,0.03480589022757698,0.5849889624724062,0.9493411467799084
Other,0.035140562248995984,0.5849889624724062,0.9493411467799084
Other,0.035140562248995984,0.5916114790286976,0.9493411467799084
Other,0.03547523427041499,0.5916114790286976,0.9493411467799084
Other,0.03547523427041499,0.6004415011037527,0.9493411467799084
Other,0.035809906291834004,0.6004415011037527,0.9493411467799084
Other,0.035809906291834004,0.6026490066225165,0.9493411467799084
Other,0.036479250334672024,0.6026490066225165,0.9493411467799084
Other,0.036479250334672024,0.6070640176600441,0.9493411467799084
Other,0.03681392235609103,0.6070640176600441,0.9493411467799084
Other,0.03681392235609103,0.6291390728476821,0.9493411467799084
Other,0.03748326639892905,0.6291390728476821,0.9493411467799084
Other,0.03748326639892905,0.6313465783664459,0.9493411467799084
Other,0.03815261044176707,0.6313465783664459,0.9493411467799084
Other,0.03815261044176707,0.6423841059602649,0.9493411467799084
Other,0.038821954484605084,0.6423841059602649,0.9493411467799084
Other,0.038821954484605084,0.6556291390728477,0.9493411467799084
Other,0.039491298527443104,0.6556291390728477,0.9493411467799084
Other,0.039491298527443104,0.6600441501103753,0.9493411467799084
Other,0.03982597054886212,0.6600441501103753,0.9493411467799084
Other,0.03982597054886212,0.6622516556291391,0.9493411467799084
Other,0.040829986613119144,0.6622516556291391,0.9493411467799084
Other,0.040829986613119144,0.6644591611479028,0.9493411467799084
Other,0.041499330655957165,0.6644591611479028,0.9493411467799084
Other,0.041499330655957165,0.6688741721854304,0.9493411467799084
Other,0.04250334672021419,0.6688741721854304,0.9493411467799084
Other,0.04250334672021419,0.6710816777041942,0.9493411467799084
Other,0.0428380187416332,0.6710816777041942,0.9493411467799084
Other,0.0428380187416332,0.6754966887417219,0.9493411467799084
Other,0.04317269076305221,0.6754966887417219,0.9493411467799084
Other,0.04317269076305221,0.6777041942604857,0.9493411467799084
Other,0.04350736278447122,0.6777041942604857,0.9493411467799084
Other,0.04350736278447122,0.6843267108167771,0.9493411467799084
Other,0.043842034805890225,0.6843267108167771,0.9493411467799084
Other,0.043842034805890225,0.6865342163355408,0.9493411467799084
Other,0.044511378848728245,0.6865342163355408,0.9493411467799084
Other,0.044511378848728245,0.6887417218543046,0.9493411467799084
Other,0.04484605087014726,0.6887417218543046,0.9493411467799084
Other,0.04484605087014726,0.6909492273730684,0.9493411467799084
Other,0.04685408299866131,0.6909492273730684,0.9493411467799084
Other,0.04685408299866131,0.695364238410596,0.9493411467799084
Other,0.04785809906291834,0.695364238410596,0.9493411467799084
Other,0.04785809906291834,0.6975717439293598,0.9493411467799084
Other,0.05220883534136546,0.6975717439293598,0.9493411467799084
Other,0.05220883534136546,0.7041942604856513,0.9493411467799084
Other,0.05254350736278447,0.7041942604856513,0.9493411467799084
Other,0.05254350736278447,0.7064017660044151,0.9493411467799084
Other,0.05421686746987952,0.7064017660044151,0.9493411467799084
Other,0.05421686746987952,0.7108167770419426,0.9493411467799084
Other,0.054551539491298526,0.7108167770419426,0.9493411467799084
Other,0.054551539491298526,0.717439293598234,0.9493411467799084
Other,0.05555555555555555,0.717439293598234,0.9493411467799084
Other,0.05555555555555555,0.7262693156732892,0.9493411467799084
Other,0.055890227576974566,0.7262693156732892,0.9493411467799084
Other,0.055890227576974566,0.7284768211920529,0.9493411467799084
Other,0.05622489959839357,0.7284768211920529,0.9493411467799084
Other,0.05622489959839357,0.7306843267108167,0.9493411467799084
Other,0.056559571619812586,0.7306843267108167,0.9493411467799084
Other,0.056559571619812586,0.7373068432671082,0.9493411467799084
Other,0.0572289156626506,0.7373068432671082,0.9493411467799084
Other,0.0572289156626506,0.7417218543046358,0.9493411467799084
Other,0.05823293172690763,0.7417218543046358,0.9493411467799084
Other,0.05823293172690763,0.7439293598233996,0.9493411467799084
Other,0.05856760374832664,0.7439293598233996,0.9493411467799084
Other,0.05856760374832664,0.7461368653421634,0.9493411467799084
Other,0.05990629183400268,0.7461368653421634,0.9493411467799084
Other,0.05990629183400268,0.7483443708609272,0.9493411467799084
Other,0.060240963855421686,0.7483443708609272,0.9493411467799084
Other,0.060240963855421686,0.7505518763796909,0.9493411467799084
Other,0.06057563587684069,0.7505518763796909,0.9493411467799084
Other,0.06057563587684069,0.7527593818984547,0.9493411467799084
Other,0.06091030789825971,0.7527593818984547,0.9493411467799084
Other,0.06091030789825971,0.7549668874172185,0.9493411467799084
Other,0.06291834002677377,0.7549668874172185,0.9493411467799084
Other,0.06291834002677377,0.7571743929359823,0.9493411467799084
Other,0.06325301204819277,0.7571743929359823,0.9493411467799084
Other,0.06325301204819277,0.7593818984547461,0.9493411467799084
Other,0.0639223560910308,0.7593818984547461,0.9493411467799084
Other,0.0639223560910308,0.7637969094922737,0.9493411467799084
Other,0.0645917001338688,0.7637969094922737,0.9493411467799084
Other,0.0645917001338688,0.7682119205298014,0.9493411467799084
Other,0.06593038821954485,0.7682119205298014,0.9493411467799084
Other,0.06593038821954485,0.7726269315673289,0.9493411467799084
Other,0.06659973226238286,0.7726269315673289,0.9493411467799084
Other,0.06659973226238286,0.7748344370860927,0.9493411467799084
Other,0.06693440428380187,0.7748344370860927,0.9493411467799084
Other,0.06693440428380187,0.7770419426048565,0.9493411467799084
Other,0.06760374832663989,0.7770419426048565,0.9493411467799084
Other,0.06760374832663989,0.7792494481236203,0.9493411467799084
Other,0.06994645247657295,0.7792494481236203,0.9493411467799084
Other,0.06994645247657295,0.7814569536423841,0.9493411467799084
Other,0.07161981258366801,0.7814569536423841,0.9493411467799084
Other,0.07161981258366801,0.7836644591611479,0.9493411467799084
Other,0.07195448460508702,0.7836644591611479,0.9493411467799084
Other,0.07195448460508702,0.7902869757174393,0.9493411467799084
Other,0.07228915662650602,0.7902869757174393,0.9493411467799084
Other,0.07228915662650602,0.7947019867549668,0.9493411467799084
Other,0.07262382864792503,0.7947019867549668,0.9493411467799084
Other,0.07262382864792503,0.7969094922737306,0.9493411467799084
Other,0.07295850066934405,0.7969094922737306,0.9493411467799084
Other,0.07295850066934405,0.8013245033112583,0.9493411467799084
Other,0.07429718875502007,0.8013245033112583,0.9493411467799084
Other,0.07429718875502007,0.8035320088300221,0.9493411467799084
Other,0.07563587684069611,0.8035320088300221,0.9493411467799084
Other,0.07563587684069611,0.8057395143487859,0.9493411467799084
Other,0.07663989290495314,0.8057395143487859,0.9493411467799084
Other,0.07663989290495314,0.8079470198675497,0.9493411467799084
Other,0.07730923694779117,0.8079470198675497,0.9493411467799084
Other,0.07730923694779117,0.8101545253863135,0.9493411467799084
Other,0.07764390896921017,0.8101545253863135,0.9493411467799084
Other,0.07764390896921017,0.8123620309050773,0.9493411467799084
Other,0.07864792503346721,0.8123620309050773,0.9493411467799084
Other,0.07864792503346721,0.8167770419426048,0.9493411467799084
Other,0.08032128514056225,0.8167770419426048,0.9493411467799084
Other,0.08032128514056225,0.8189845474613686,0.9493411467799084
Other,0.08132530120481928,0.8189845474613686,0.9493411467799084
Other,0.08132530120481928,0.8211920529801324,0.9493411467799084
Other,0.0819946452476573,0.8211920529801324,0.9493411467799084
Other,0.0819946452476573,0.8233995584988962,0.9493411467799084
Other,0.08333333333333333,0.8233995584988962,0.9493411467799084
Other,0.08333333333333333,0.8300220750551877,0.9493411467799084
Other,0.08366800535475234,0.8300220750551877,0.9493411467799084
Other,0.08366800535475234,0.8322295805739515,0.9493411467799084
Other,0.08500669344042838,0.8322295805739515,0.9493411467799084
Other,0.08500669344042838,0.8344370860927153,0.9493411467799084
Other,0.08668005354752342,0.8344370860927153,0.9493411467799084
Other,0.08668005354752342,0.8366445916114791,0.9493411467799084
Other,0.08701472556894244,0.8366445916114791,0.9493411467799084
Other,0.08701472556894244,0.8432671081677704,0.9493411467799084
Other,0.08734939759036145,0.8432671081677704,0.9493411467799084
Other,0.08734939759036145,0.8454746136865342,0.9493411467799084
Other,0.08768406961178045,0.8454746136865342,0.9493411467799084
Other,0.08768406961178045,0.8520971302428256,0.9493411467799084
Other,0.0893574297188755,0.8520971302428256,0.9493411467799084
Other,0.0893574297188755,0.8543046357615894,0.9493411467799084
Other,0.08969210174029452,0.8543046357615894,0.9493411467799084
Other,0.08969210174029452,0.8565121412803532,0.9493411467799084
Other,0.09069611780455154,0.8565121412803532,0.9493411467799084
Other,0.09069611780455154,0.8587196467991169,0.9493411467799084
Other,0.0927041499330656,0.8587196467991169,0.9493411467799084
Other,0.0927041499330656,0.8609271523178808,0.9493411467799084
Other,0.09504685408299866,0.8609271523178808,0.9493411467799084
Other,0.09504685408299866,0.8631346578366446,0.9493411467799084
Other,0.09605087014725569,0.8631346578366446,0.9493411467799084
Other,0.09605087014725569,0.8653421633554084,0.9493411467799084
Other,0.09705488621151272,0.8653421633554084,0.9493411467799084
Other,0.09705488621151272,0.8675496688741722,0.9493411467799084
Other,0.09939759036144578,0.8675496688741722,0.9493411467799084
Other,0.09939759036144578,0.8719646799116998,0.9493411467799084
Other,0.10040160642570281,0.8719646799116998,0.9493411467799084
Other,0.10040160642570281,0.8741721854304636,0.9493411467799084
Other,0.10207496653279786,0.8741721854304636,0.9493411467799084
Other,0.10207496653279786,0.8763796909492274,0.9493411467799084
Other,0.10408299866131192,0.8763796909492274,0.9493411467799084
Other,0.10408299866131192,0.8807947019867549,0.9493411467799084
Other,0.10809906291834002,0.8807947019867549,0.9493411467799084
Other,0.10809906291834002,0.8830022075055187,0.9493411467799084
Other,0.11211512717536815,0.8830022075055187,0.9493411467799084
Other,0.11211512717536815,0.8852097130242825,0.9493411467799084
Other,0.11244979919678715,0.8852097130242825,0.9493411467799084
Other,0.11244979919678715,0.8896247240618101,0.9493411467799084
Other,0.1141231593038822,0.8896247240618101,0.9493411467799084
Other,0.1141231593038822,0.891832229580574,0.9493411467799084
Other,0.11479250334672021,0.891832229580574,0.9493411467799084
Other,0.11479250334672021,0.8940397350993378,0.9493411467799084
Other,0.11613119143239625,0.8940397350993378,0.9493411467799084
Other,0.11613119143239625,0.8962472406181016,0.9493411467799084
Other,0.11947791164658635,0.8962472406181016,0.9493411467799084
Other,0.11947791164658635,0.8984547461368654,0.9493411467799084
Other,0.12014725568942436,0.8984547461368654,0.9493411467799084
Other,0.12014725568942436,0.9006622516556292,0.9493411467799084
Other,0.12115127175368139,0.9006622516556292,0.9493411467799084
Other,0.12115127175368139,0.9028697571743929,0.9493411467799084
Other,0.12315930388219545,0.9028697571743929,0.9493411467799084
Other,0.12315930388219545,0.9050772626931567,0.9493411467799084
Other,0.12349397590361445,0.9050772626931567,0.9493411467799084
Other,0.12349397590361445,0.9072847682119205,0.9493411467799084
Other,0.1251673360107095,0.9072847682119205,0.9493411467799084
Other,0.1251673360107095,0.9094922737306843,0.9493411467799084
Other,0.1278447121820616,0.9094922737306843,0.9493411467799084
Other,0.1278447121820616,0.9139072847682119,0.9493411467799084
Other,0.13721552878179386,0.9139072847682119,0.9493411467799084
Other,0.13721552878179386,0.9161147902869757,0.9493411467799084
Other,0.14156626506024098,0.9161147902869757,0.9493411467799084
Other,0.14156626506024098,0.9183222958057395,0.9493411467799084
Other,0.14390896921017404,0.9183222958057395,0.9493411467799084
Other,0.14390896921017404,0.9205298013245033,0.9493411467799084
Other,0.15060240963855423,0.9205298013245033,0.9493411467799084
Other,0.15060240963855423,0.9227373068432672,0.9493411467799084
Other,0.15294511378848727,0.9227373068432672,0.9493411467799084
Other,0.15294511378848727,0.9249448123620309,0.9493411467799084
Other,0.1609772423025435,0.9249448123620309,0.9493411467799084
Other,0.1609772423025435,0.9271523178807947,0.9493411467799084
Other,0.16298527443105756,0.9271523178807947,0.9493411467799084
Other,0.16298527443105756,0.9293598233995585,0.9493411467799084
Other,0.1636546184738956,0.9293598233995585,0.9493411467799084
Other,0.1636546184738956,0.9315673289183223,0.9493411467799084
Other,0.17034805890227578,0.9315673289183223,0.9493411467799084
Other,0.17034805890227578,0.9337748344370861,0.9493411467799084
Other,0.17269076305220885,0.9337748344370861,0.9493411467799084
Other,0.17269076305220885,0.9359823399558499,0.9493411467799084
Other,0.1757028112449799,0.9359823399558499,0.9493411467799084
Other,0.1757028112449799,0.9381898454746137,0.9493411467799084
Other,0.17971887550200802,0.9381898454746137,0.9493411467799084
Other,0.17971887550200802,0.9403973509933775,0.9493411467799084
Other,0.1823962516733601,0.9403973509933775,0.9493411467799084
Other,0.1823962516733601,0.9426048565121413,0.9493411467799084
Other,0.18808567603748327,0.9426048565121413,0.9493411467799084
Other,0.18808567603748327,0.9448123620309051,0.9493411467799084
Other,0.19009370816599733,0.9448123620309051,0.9493411467799084
Other,0.19009370816599733,0.9492273730684326,0.9493411467799084
Other,0.19477911646586346,0.9492273730684326,0.9493411467799084
Other,0.19477911646586346,0.9514348785871964,0.9493411467799084
Other,0.19511378848728247,0.9514348785871964,0.9493411467799084
Other,0.19511378848728247,0.9536423841059603,0.9493411467799084
Other,0.19846050870147255,0.9536423841059603,0.9493411467799084
Other,0.19846050870147255,0.9558498896247241,0.9493411467799084
Other,0.19912985274431058,0.9558498896247241,0.9493411467799084
Other,0.19912985274431058,0.9580573951434879,0.9493411467799084
Other,0.20950468540829986,0.9580573951434879,0.9493411467799084
Other,0.20950468540829986,0.9624724061810155,0.9493411467799084
Other,0.21352074966532797,0.9624724061810155,0.9493411467799084
Other,0.21352074966532797,0.9646799116997793,0.9493411467799084
Other,0.2222222222222222,0.9646799116997793,0.9493411467799084
Other,0.2222222222222222,0.9668874172185431,0.9493411467799084
Other,0.22322623828647925,0.9668874172185431,0.9493411467799084
Other,0.22322623828647925,0.9690949227373068,0.9493411467799084
Other,0.22456492637215528,0.9690949227373068,0.9493411467799084
Other,0.22456492637215528,0.9713024282560706,0.9493411467799084
Other,0.2248995983935743,0.9713024282560706,0.9493411467799084
Other,0.2248995983935743,0.9735099337748344,0.9493411467799084
Other,0.22757697456492637,0.9735099337748344,0.9493411467799084
Other,0.22757697456492637,0.9757174392935982,0.9493411467799084
Other,0.25234270414993304,0.9757174392935982,0.9493411467799084
Other,0.25234270414993304,0.977924944812362,0.9493411467799084
Other,0.27074966532797856,0.977924944812362,0.9493411467799084
Other,0.27074966532797856,0.9801324503311258,0.9493411467799084
Other,0.2824631860776439,0.9801324503311258,0.9493411467799084
Other,0.2824631860776439,0.9823399558498896,0.9493411467799084
Other,0.3038821954484605,0.9823399558498896,0.9493411467799084
Other,0.3038821954484605,0.9845474613686535,0.9493411467799084
Other,0.3684738955823293,0.9845474613686535,0.9493411467799084
Other,0.3684738955823293,0.9867549668874173,0.9493411467799084
Other,0.37248995983935745,0.9867549668874173,0.9493411467799084
Other,0.37248995983935745,0.9889624724061811,0.9493411467799084
Other,0.41331994645247655,0.9889624724061811,0.9493411467799084
Other,0.41331994645247655,0.9911699779249448,0.9493411467799084
Other,0.49497991967871485,0.9911699779249448,0.9493411467799084
Other,0.49497991967871485,0.9933774834437086,0.9493411467799084
Other,0.5030120481927711,0.9933774834437086,0.9493411467799084
Other,0.5030120481927711,0.9955849889624724,0.9493411467799084
Other,0.6509370816599732,0.9955849889624724,0.9493411467799084
Other,0.6509370816599732,0.9977924944812362,0.9493411467799084
Other,0.8688085676037484,0.9977924944812362,0.9493411467799084
Other,0.8688085676037484,1.0,0.9493411467799084
Other,1.0,1.0,0.9493411467799084
