Functional Group,Design_Pattern,Molecules with Group,Total Molecules,Percentage
Alkyl,*C,67,69,97.10144927536231
Benzene,*c1ccccc1,20,69,28.985507246376812
Ester,*C(=O)O*,16,69,23.18840579710145
Aldehyde,*C=O,14,69,20.28985507246377
Hydroxyl,*O,9,69,13.043478260869565
Ketone,*C(=O)*,9,69,13.043478260869565
Double Bond (C=C),*C=C*,7,69,10.144927536231885
Ether,*O*,6,69,8.695652173913043
Furan,*c1ccco1,5,69,7.246376811594203
Carboxyl,*C(=O)O,2,69,2.898550724637681
Primary Amine,*NH2,1,69,1.4492753623188406
Lactone,*C(=O)O* (ring),1,69,1.4492753623188406
Secondary Amine,*NH*,1,69,1.4492753623188406
Thiol,*S,1,69,1.4492753623188406
