epoch,train_loss,train_loss_main,train_loss_aux,val_macro_f1,val_micro_f1,val_macro_auprc,val_micro_auprc,val_loss,val_macro_auroc,val_monitor
0,0.3906615606376103,0.25970211923122405,0.13095944059746606,0.06985171162419147,0.1403004154682007,0.14588745069855746,0.13923598936577336,0.28788602352142334,0.4877149401893143,0.3168011954439359
1,0.19868626356124877,0.12897733139140266,0.06970893234014511,0.04990893749290911,0.09907271839921913,0.15357199020511111,0.20392257002219152,0.2443995378738226,0.5156136322427054,0.33459281122390827
2,0.1602672434278897,0.10578175991773606,0.054485483020544054,0.05952867063314218,0.20894660894660894,0.18717950356538646,0.47534006587859645,0.1924992938374364,0.5955949214913732,0.3913872125283798
3,0.14855420346770967,0.09879934796265194,0.049754855930805204,0.12316605924679937,0.5699459459459459,0.27458449452034334,0.6565399902675016,0.15212685649478158,0.7277697019859678,0.5011770982531556
4,0.13140259500060764,0.08533961262021746,0.046062982657126016,0.1333166999334664,0.6328464271614687,0.37959103234398217,0.7448458288442094,0.12297342561705168,0.8311085644785644,0.6053497984112732
5,0.11767691365310123,0.07413217197571483,0.04354474143258163,0.13460572576594676,0.638095238095238,0.477463652808912,0.7773117025206182,0.10174921102995096,0.8814098464591119,0.6794367496340119
6,0.10924571697201048,0.06740244973983084,0.041843267253467015,0.159918793825637,0.6529615306330144,0.5640932197258802,0.7986867518835622,0.08645173526087473,0.9024791949382666,0.7332862073320734
7,0.10565001798527582,0.06487462863326073,0.040775389266865594,0.2644339821515705,0.6918545602275036,0.6093136547840469,0.8231215518055548,0.07552728550725205,0.9130275788140962,0.7611706167990715
8,0.10106174126267434,0.06128652849367687,0.039775212609342164,0.3530829829751437,0.7300637958532695,0.6470953479519046,0.8460327962071499,0.06744544212381508,0.9197869436029668,0.7834411457774357
9,0.09905686044267245,0.0602038514826979,0.038853008842894006,0.4082355431053039,0.7567038559404972,0.6642777683845569,0.8632559762184999,0.061313740692512934,0.9247025070737241,0.7944901377291405
10,0.09610364941614015,0.058032800278493335,0.038070849095072065,0.4966166246190627,0.7751729438893159,0.675883059166487,0.8752960582054927,0.05678905505513729,0.9281862945115193,0.8020346768390032
11,0.09471865441117967,0.057100690879992075,0.03761796370148659,0.5619414874779609,0.7887377173091459,0.6854705285114536,0.8843204485450258,0.05342108803952849,0.9310061493193328,0.8082383389153932
12,0.09283811034900802,0.05589185395411082,0.03694625648004668,0.6093192552321421,0.7984366275823562,0.6941188671052152,0.8912747093242627,0.05091740775766761,0.9335394543450771,0.8138291607251462
13,0.09122122404830796,0.05461201480456761,0.03660920915859086,0.6587106957891923,0.8060527772651781,0.7074079291988276,0.8968956181091537,0.04904409842890536,0.9359266072076196,0.8216672682032236
14,0.08921108458723341,0.053368566344891274,0.035842518114617895,0.6722684301225489,0.8103353490929082,0.7122718153619617,0.901250796410302,0.04771349972200602,0.9371902562824429,0.8247310358222023
15,0.08853153820548738,0.05297486850193569,0.03555666935231004,0.672776476585415,0.8144499178981938,0.7160581821544124,0.9048906702543502,0.04672382030701048,0.9386111472797937,0.827334664717103
16,0.08911207886678832,0.053598546077098165,0.035513533194150244,0.679902089431288,0.8188090050835148,0.7196914619545884,0.9079772058460296,0.04600544612811402,0.9398152054314973,0.8297533336930429
17,0.08766990088990756,0.05254773125052452,0.035122169575520924,0.6814518082575712,0.8219525448288354,0.7224703571174871,0.9104886279109119,0.045457377255526045,0.941244248421857,0.8318573027696721
18,0.08733658230730465,0.052420812270471025,0.034915770356144224,0.6820641311711825,0.8241042345276873,0.7259445020373431,0.9126406210553557,0.045037309682473194,0.9424125448665848,0.8341785234519639
19,0.08751286994133677,0.05279415957629681,0.03471871015216623,0.6868891090542864,0.8263775971093045,0.7284652128000518,0.9144740762801954,0.04472120952261829,0.9432240699336099,0.8358446413668308
20,0.0856965414753982,0.05137626818248204,0.03432027321841036,0.6904013020976439,0.8286795172041074,0.7306322384551353,0.9159819054959838,0.04445598535727016,0.944864727794577,0.8377484831248561
21,0.08174011066555976,0.04832550441580159,0.03341460623911449,0.6872228602307984,0.8288904899135446,0.7327000203168844,0.9173596756235427,0.044247834807868265,0.945927936661489,0.8393139784891868
22,0.0833934109551566,0.04975393634821688,0.03363947429827281,0.6899169121778367,0.8308135349172067,0.734643940858327,0.9187216109392756,0.044010244301780195,0.9471593704625292,0.8409016556604281
23,0.08458704099059106,0.05085252177502428,0.03373451893883092,0.6898685245783703,0.8318042813455657,0.7370648967060917,0.9199601909301985,0.04382713252765148,0.948634332426745,0.8428496145664184
24,0.0842626545897552,0.050680837045822824,0.03358181737363339,0.6886690240210354,0.8318679346850888,0.7390868162932364,0.921194811626552,0.04360857313000705,0.9498632674142984,0.8444750418537674
25,0.08215184224503382,0.049073066179241454,0.0330787760338613,0.689685558781805,0.8330347545682552,0.7406758008910074,0.92216992215691,0.043441736190796415,0.9505312153339583,0.8456035081124829
26,0.08324615327375276,0.049890341790659085,0.03335581128086362,0.6928803566845129,0.8342571070981584,0.742657747113498,0.9231643560106741,0.04328782061185298,0.9519537217759292,0.8473057344447136
27,0.08146228873303958,0.04883172708962645,0.0326305615156889,0.6894573200619578,0.8343448768297037,0.7445320367686229,0.9241438701150025,0.04309293406008374,0.9524350034102119,0.8484835200894174
28,0.07994904967291014,0.047374340583171165,0.03257470887686525,0.6902428980229892,0.835321345914189,0.7453813287499572,0.9249934923065048,0.042905573585601306,0.9528975109691684,0.8491394198595628
29,0.08120923248784882,0.04867172264627048,0.03253750968192305,0.69610019841029,0.8372507122507122,0.7469110400920779,0.9258221428228453,0.0427134710480459,0.9536069232604302,0.850258981676254
30,0.07904623487165996,0.046941295244864054,0.03210493960550853,0.6961557490851841,0.8371596369460759,0.7480649669356851,0.9265461493849694,0.042512875800237576,0.9543772175509669,0.8512210922433261
31,0.08026735007762908,0.047888354935816356,0.03237899530146803,0.6984180758401025,0.8392031305585201,0.7496330067553235,0.9273776421523392,0.042337198711953364,0.9545625450269052,0.8520977758911144
32,0.07755673038108009,0.045868587706770214,0.03168814279139042,0.6957863980685054,0.8399574166075231,0.7511147474221903,0.928092501621579,0.04222317460009308,0.9548893721437611,0.8530020597829757
33,0.07885124676993915,0.046858679833156724,0.03199256706450667,0.6986421948159113,0.8420679886685553,0.7526854894526651,0.9287674599752251,0.04211282909327988,0.9550908542562211,0.8538881718544431
34,0.07921951336520058,0.04738699758691447,0.031832515682492936,0.7027073197142536,0.8428318584070796,0.7536200073920662,0.9293399561691571,0.0419766016312615,0.9551285353272991,0.8543742713596827
35,0.07891146023358618,0.04693437832806792,0.03197708160749504,0.7014093100202632,0.8432967810399717,0.7547689365123351,0.9298547309078322,0.04188231723572582,0.9556357567978879,0.8552023466551115
36,0.07939980132239205,0.04741019901420389,0.03198960234011922,0.7011413389137422,0.8432796174960155,0.7557986196515664,0.9303336396527797,0.04178737600463941,0.9555689320112165,0.8556837758313914
37,0.07777580946683883,0.04618107244372368,0.03159473679959774,0.7017441791214702,0.844098389665546,0.7568470140235698,0.9308845809420115,0.041678789622681,0.9559055658092038,0.8563762899163868
38,0.0780702976669584,0.04648235397679465,0.031587943860462736,0.7024615598389731,0.8446017699115044,0.7583361564915339,0.931343285173371,0.04159066958899805,0.9549525925207726,0.8566443745061532
39,0.07922239478145326,0.0476796973070928,0.03154269733599254,0.7069033166915691,0.8449708325967827,0.7592517127224818,0.9318396599286556,0.041477255835901776,0.9543477323097198,0.8567997225161008
40,0.07691072242600577,0.04571312062442303,0.03119760179093906,0.7063406842073561,0.8447666195190948,0.759631835927232,0.9323116046969655,0.04135570605014732,0.9527101700328178,0.8561710029800249
41,0.07848685977714402,0.047007819850529944,0.03147904013948781,0.7053508801244076,0.844004244782455,0.7606045665991927,0.9327952431021491,0.04119448040525407,0.9520707275632215,0.8563376470812072
42,0.07736672054444041,0.04613207376429013,0.03123464680143765,0.705690292852054,0.8448763250883392,0.7612208971855233,0.9333331236479505,0.041016608999154075,0.9517452087077053,0.8564830529466143
43,0.07789009984050478,0.046671041016067775,0.03121905881379332,0.7060799065011459,0.8453243768782039,0.761694320721703,0.9338183991965919,0.04088434360943041,0.9512254348310857,0.8564598777763943
44,0.07372011650885854,0.04340906184698854,0.030311054566076825,0.7032193934095045,0.8462488967343337,0.7620646756725663,0.9342154740357,0.040808180296999334,0.9506951014261938,0.8563798885493801
45,0.07579541928001812,0.04509617585156645,0.030699243620038032,0.7041962227496823,0.8465889006716154,0.7624690035692451,0.934635385949615,0.04075363265258412,0.9501709531118605,0.8563199783405528
46,0.07480833728398596,0.0443711066033159,0.03043723060616425,0.7035907036777301,0.8472958642629904,0.7627575081475784,0.9350419934533682,0.0406895304169116,0.9502297365813573,0.8564936223644679
47,0.07668296132768904,0.04576602942177228,0.03091693177819252,0.7037207458169394,0.8473498233215547,0.7634560517489403,0.9354698353933185,0.040635826756506295,0.9502469255178587,0.8568514886333995
48,0.07444530561566352,0.04416723795235157,0.030278067695243018,0.7022136850490254,0.846954986760812,0.7639716364140349,0.9358396888420264,0.040636838917338915,0.9505107274052863,0.8572411819096606
49,0.07541137071592467,0.04478641492979867,0.030624955339091164,0.7021938112406804,0.8469009358996998,0.7648296087667866,0.9362563620718781,0.04055230922829143,0.9506975190361765,0.8577635639014816
50,0.07449250970567976,0.04425383418798447,0.030238675538982664,0.7033058612845089,0.8478644546417226,0.7653102453193906,0.9366083168537747,0.04049691923509547,0.9513199415950812,0.8583150934572359
51,0.07777176463178226,0.046876395525676864,0.030895369244473322,0.7046193827922494,0.8486772486772487,0.7659829609023344,0.9368679036943983,0.04044837538331617,0.95160859034696,0.8587957756246472
52,0.07272887802549771,0.04281457555081163,0.029914302517260825,0.7052367514035879,0.8491895701198027,0.7664983552692028,0.9371860506181647,0.040409565203400805,0.9513936828159059,0.8589460190425544
53,0.07576570574726377,0.045225967637130195,0.03053973786532879,0.7064688258267457,0.8500881834215167,0.7671227217555461,0.9375320815715463,0.0403009818550091,0.9515847672953831,0.8593537445254646
54,0.07254269165652139,0.042722582870296066,0.029820108828800065,0.7036285613435154,0.8504409171075837,0.7675081134851082,0.937854422377568,0.04028837061432992,0.9517987565823098,0.8596534350337091
55,0.0731229141993182,0.043194665600146565,0.02992824862045901,0.7034635960322423,0.8507410021171489,0.7681100305928462,0.9380620839858728,0.04028690308007563,0.95178341133479,0.8599467209638181
56,0.07436884350010327,0.04421228063958032,0.030156562786017145,0.703951666605812,0.8511463844797178,0.768183488507931,0.9382424576687818,0.04023768910380124,0.9522446827122213,0.8602140856100762
57,0.0712837930875165,0.04191946705004999,0.029364325872489383,0.7099530787355136,0.8523028057173108,0.7650287681964613,0.9384388972033881,0.040235730278614344,0.952606900232245,0.8588178342143531
58,0.07280312131558146,0.043164239068116464,0.029638882215533936,0.7137225965877652,0.8524011299435028,0.7654317181755771,0.9386187223896296,0.040181245398978424,0.9524293061407283,0.8589305121581527
59,0.07283862578017371,0.043068657549364224,0.029769968284027917,0.7149632697240178,0.8536585365853658,0.7658400358722974,0.9388681392807336,0.04015098633325854,0.9524744342323527,0.8591572350523251
60,0.07145570586834635,0.042158596068620685,0.02929710982101304,0.7148857929598275,0.8535594417947359,0.7664440458997425,0.9391609737432858,0.04006945978454856,0.9523485379344337,0.8593962919170881
61,0.07128291144967079,0.04201945512422493,0.02926345634673323,0.7219721739328627,0.8555771610394202,0.7673033306336858,0.9394249445512214,0.039978231788683295,0.9523997373153449,0.8598515339745154
62,0.07438533704195703,0.04427450350352696,0.030110833937568325,0.7177097354484364,0.8554259455638035,0.7672659682595518,0.9396533007931773,0.039916370150654815,0.9523656923783079,0.8598158303189298
63,0.07032823315688543,0.04130251143659864,0.029025721688355717,0.717093300190613,0.8546193252075605,0.7673759589435383,0.9397894599908838,0.03988234713798129,0.9519734885555332,0.8596747237495357
64,0.07201814743024962,0.04254447827381747,0.0294736690393516,0.7171806195475598,0.8544169611307421,0.7675668924777096,0.9399005207611535,0.039897882833069755,0.9520844214686215,0.8598256569731655
65,0.06979190541165216,0.04078935855201313,0.02900254677448954,0.7221371723902675,0.855225988700565,0.7678346268577485,0.9401147561571906,0.039864206661573115,0.95221149358493,0.8600230602213392
66,0.07095633734549794,0.04179551294871739,0.02916082459368876,0.7222978365918147,0.8552770914225203,0.7687089530963788,0.9402940069398252,0.03982208364069202,0.9521796325231371,0.860444292809758
67,0.07166915489094598,0.04236294200377805,0.0293062130308577,0.7227532061610641,0.855681016231475,0.7686831258807093,0.9404514150628653,0.03976490596975308,0.9517994669055891,0.8602412963931492
68,0.07110276192426682,0.04198018459337098,0.02912257730960846,0.7228426660203251,0.8560846560846561,0.7692869772318808,0.9405811506100684,0.039730795661832186,0.9516111143518513,0.8604490457918661
69,0.07081079272287233,0.04169198180947985,0.02911881083888667,0.7228218893337149,0.8556319407720783,0.7691592272188842,0.94074788738513,0.03967382833104429,0.9513781341998216,0.8602686807093529
70,0.06906791923301561,0.040340164612446515,0.028727754460913794,0.7232758934136082,0.8564880112834978,0.768763218298501,0.9408947092853454,0.039695745558737845,0.9511377841964633,0.8599505012474822
71,0.07073413071887834,0.041565884383661406,0.0291682462819985,0.7228983706476911,0.8564373897707231,0.768699209313143,0.9410005386119751,0.03972106040211741,0.9509609395456092,0.8598300744293761
72,0.07054291574018343,0.041486131229570934,0.029056784297738756,0.7178897819805283,0.8559830568302154,0.76859485660595,0.9411061389053905,0.03972511470377402,0.9505537096801651,0.8595742831430575
73,0.07085668857608522,0.0418161967503173,0.029040491793836866,0.7188163870054103,0.8571932921447485,0.7689656783558633,0.9413075737742794,0.03972645281938576,0.9503067221963821,0.8596362002761226
74,0.0698900169985635,0.04105216837355069,0.028837848476001196,0.7190451732365254,0.8574955908289241,0.7689771024718279,0.9413858390248532,0.03976545065538525,0.9498599067964867,0.8594185046341574
75,0.0684313498863152,0.03999309165137155,0.028438258160437855,0.7175873272372019,0.8570924488355681,0.7699235723150926,0.9414433516221214,0.03980233650356748,0.9496213572256323,0.8597724647703624
76,0.07074345284274647,0.04200126495744501,0.02874218771500247,0.7175623684772067,0.8570924488355681,0.7705629173993259,0.9415804891574353,0.03977084199919603,0.9496605396778101,0.860111728538568
77,0.06719301357865333,0.03913607571806226,0.028056937945740563,0.7171247082302542,0.8567395906845449,0.7710030830515348,0.9416329082555966,0.03978342805490937,0.9493966909629244,0.8601998870072296
78,0.07010597978319441,0.041339430436491964,0.02876654926155295,0.7169188169640818,0.8566890222379103,0.7704944267789354,0.9416804219666018,0.03980532685987825,0.949079692286571,0.8597870595327533
79,0.06949513201202664,0.04085292997104781,0.028642202009047782,0.7170023193281937,0.8565378507146638,0.7717404498804258,0.9417544780598296,0.03981561420504329,0.948797662548193,0.8602690562143094
80,0.06727258589650903,0.039068959738527025,0.028203626136694637,0.7176169618810059,0.856991712220067,0.7700176436893051,0.9418402056634037,0.03988203991930066,0.9488129492360974,0.8594152964627013
81,0.06842655758772577,0.039975436021174704,0.028451121715562685,0.7172793308506481,0.8566390407335567,0.7700051894113451,0.9418733129320153,0.03994036480773587,0.9484815363772832,0.8592433628943141
82,0.06922538865889821,0.04057362843837057,0.02865176022052765,0.716857734525424,0.8563370350784417,0.7700460188632666,0.9419350593011517,0.03993809254715479,0.9480019824889719,0.8590240006761193
83,0.06793924536023821,0.03963144569524697,0.028307799686278615,0.7165232217734453,0.8562863692470464,0.770937396153748,0.9420882900619467,0.03991771958359561,0.9466465584788777,0.8587919773163128
