Murcko_Scaffold,Count,Percentage (all)
c1ccccc1,762,15.291992775436483
C1CCCCC1,156,3.13064419024684
C1=CCCCC1,135,2.7092113184828417
c1ccoc1,119,2.388119606662653
c1cnccn1,86,1.7258679510335142
c1cscn1,63,1.2642986152919928
c1ccncc1,40,0.8027292795504716
C1COCO1,39,0.78266104756171
c1ccsc1,38,0.762592815572948
C1CCOC1,30,0.6020469596628537
O=C1CCCO1,29,0.5819787276740919
C1CC2CCC1C2,28,0.5619104956853301
O=C1C=CCCC1,26,0.5217740317078066
O=C1CCCCO1,22,0.44150110375275936
O=C1C=CCC1,22,0.44150110375275936
O=C1CCCCC1,21,0.4214328717639976
C1=CCCC1,18,0.3612281757977122
O=C1CCCC1,17,0.3411599438089504
c1ccc2c(c1)OCO2,16,0.32109171182018864
C1CCOCC1,16,0.32109171182018864
C1=CC2CC(C1)C2,15,0.30102347983142685
c1cc[nH]c1,15,0.30102347983142685
C1=CCCC=C1,15,0.30102347983142685
C1=CC2C3CCC(C3)C2C1,15,0.30102347983142685
c1ccc2ncccc2c1,14,0.28095524784266507
O=C1C=COC1,14,0.28095524784266507
C1COCOC1,14,0.28095524784266507
O=C1C=CCO1,13,0.2608870158539033
C1CCCC1,12,0.2408187838651415
C1CO1,12,0.2408187838651415
c1ccc2ccccc2c1,11,0.22075055187637968
c1ccc(C2CO2)cc1,11,0.22075055187637968
C1CCCCCCCCCCC1,11,0.22075055187637968
c1cocn1,10,0.2006823198876179
C1=NCSC1,10,0.2006823198876179
C1COCSC1,9,0.1806140878988561
C=C1CCCCC1,9,0.1806140878988561
C1CC2C3CCC(C3)C2C1,9,0.1806140878988561
O=c1ccocc1,8,0.16054585591009432
C1CC1,8,0.16054585591009432
c1ccc2[nH]ccc2c1,7,0.14047762392133253
O=c1ccc2ccccc2o1,7,0.14047762392133253
C1CCC2CCCCC2C1,7,0.14047762392133253
C1CC2CC(C1)C2,7,0.14047762392133253
c1ccc(C2OCCO2)cc1,7,0.14047762392133253
c1ccc2c(c1)CCCC2,7,0.14047762392133253
c1ccc2c(c1)CCC2,7,0.14047762392133253
C=C1CC2CCC1C2,6,0.12040939193257075
O=C(OC1CCCCC1)c1ccccc1,6,0.12040939193257075
c1ccc(-c2ccccc2)cc1,6,0.12040939193257075
c1ccc(CC2OCCO2)cc1,6,0.12040939193257075
C1=CC2CCC1C2,6,0.12040939193257075
O=C(Cc1ccccc1)Oc1ccccc1,6,0.12040939193257075
C1SCSS1,6,0.12040939193257075
C1=CC2CCCCC2CC1,6,0.12040939193257075
C1=CCC2(CC1)COCOC2,6,0.12040939193257075
O=C1CC2CCC1C2,5,0.10034115994380895
C1CC2CC3CCCC3(C1)C2,5,0.10034115994380895
O=C(Oc1ccccc1)c1ccccc1,5,0.10034115994380895
C1NCSCS1,5,0.10034115994380895
C1=NCCS1,5,0.10034115994380895
C1C2CC3C1C3C2,5,0.10034115994380895
C1=C2CCCCC2CCC1,5,0.10034115994380895
c1cnc2c(n1)CCC2,5,0.10034115994380895
C1CCNC1,5,0.10034115994380895
C1CSCSC1,5,0.10034115994380895
C1CCC(C2CC3CCC2C3)CC1,5,0.10034115994380895
O=c1[nH]cnc2c1ncn2C1CCCO1,5,0.10034115994380895
C1CCSC1,4,0.08027292795504716
O=C(OCCc1ccccc1)c1ccccc1,4,0.08027292795504716
c1ccc(Oc2ccccc2)cc1,4,0.08027292795504716
C=C1CC2C=CCCCC2C1,4,0.08027292795504716
O=C1CC=CO1,4,0.08027292795504716
c1ccc2nccnc2c1,4,0.08027292795504716
c1ccc2occc2c1,4,0.08027292795504716
C1CSCN1,4,0.08027292795504716
O=C1CCCC1=O,4,0.08027292795504716
c1ccc(C2OCCCO2)cc1,4,0.08027292795504716
C1CCC2=C(CC1)CCC2,4,0.08027292795504716
C1CSSC1,4,0.08027292795504716
C1=COCC1,4,0.08027292795504716
C1CSCS1,4,0.08027292795504716
C1=CC2CCC1CC2,4,0.08027292795504716
C1CCC2=C(C1)CCCC2,4,0.08027292795504716
C1=CC2(C=CCO2)CCC1,4,0.08027292795504716
O=C1CCC2(CCCCC2)O1,4,0.08027292795504716
O=C(OCc1ccccc1)c1ccccc1,3,0.060204695966285374
C1CC2CCC1CO2,3,0.060204695966285374
c1ccc2scnc2c1,3,0.060204695966285374
c1ccc(Cc2ccccc2)cc1,3,0.060204695966285374
C1CSCCS1,3,0.060204695966285374
C=C1CC=CCC1,3,0.060204695966285374
C=C1CCC2CC1C2,3,0.060204695966285374
O=c1cccco1,3,0.060204695966285374
C1CC2CCC3CCC3C(C1)C2,3,0.060204695966285374
O=C1CCCCCO1,3,0.060204695966285374
c1coc(CSc2cnccn2)c1,3,0.060204695966285374
O=C1COc2ccccc2OC1,3,0.060204695966285374
O=C1COCCO1,3,0.060204695966285374
C1=NCCC1,3,0.060204695966285374
C1=CC2CC3CCCC3(C1)C2,3,0.060204695966285374
O=C1CCCCC1=O,3,0.060204695966285374
c1c[nH]cn1,3,0.060204695966285374
c1ccc2c(CC3CC4CCN3CC4)ccnc2c1,3,0.060204695966285374
C=C1CCCC2CCCCC12,3,0.060204695966285374
C(CCc1ccccc1)=Nc1ccccc1,3,0.060204695966285374
C1COCCO1,3,0.060204695966285374
C1CCC23CC4CC2C3(C1)C4,3,0.060204695966285374
C1=CCC(C=Nc2ccccc2)CC1,3,0.060204695966285374
O=C1CCC2CCCCC2C1,3,0.060204695966285374
C1CCC(OC2CCCOC2)OC1,3,0.060204695966285374
c1ncc2c(n1)COC2,3,0.060204695966285374
O=c1[nH]c(=O)c2[nH]cnc2[nH]1,2,0.04013646397752358
O=C1OCc2ccccc21,2,0.04013646397752358
C1=CCC=CC1,2,0.04013646397752358
O=C(Cc1ccccc1)OCc1ccccc1,2,0.04013646397752358
C1CCNCC1,2,0.04013646397752358
O=C1CCCCCCCCCCCCCC1,2,0.04013646397752358
C1SCSCS1,2,0.04013646397752358
c1ccc(SSc2ccccc2)cc1,2,0.04013646397752358
O=C1C=C2CCCCC2O1,2,0.04013646397752358
C1OCOCO1,2,0.04013646397752358
O=C1C=CCCO1,2,0.04013646397752358
C1=NCOC1,2,0.04013646397752358
O=C1CCSC1,2,0.04013646397752358
C1=CCOCC1,2,0.04013646397752358
O=C1C=C2C=CCCC2CC1,2,0.04013646397752358
c1ccc2c(c1)CCCN2,2,0.04013646397752358
C1CCC2OC2C1,2,0.04013646397752358
c1ccc(COc2ccccc2)cc1,2,0.04013646397752358
C1CCC2(CC1)CCCO2,2,0.04013646397752358
c1ccc(CC2OCCCO2)cc1,2,0.04013646397752358
O=C(Cc1ccccc1)OC1CCCCC1,2,0.04013646397752358
C1=C2CC3CCC2(CCC1)C3,2,0.04013646397752358
C=C1CCC23CCCC2CC1C3,2,0.04013646397752358
c1cc2c(o1)CCCC2,2,0.04013646397752358
O=C1CCOC1,2,0.04013646397752358
c1cc(SSc2ccoc2)co1,2,0.04013646397752358
C1CC2CC(C1)C1CCCC21,2,0.04013646397752358
O=C(OCC=Cc1ccccc1)c1ccccc1,2,0.04013646397752358
C=C1OC(=O)c2ccccc21,2,0.04013646397752358
C(=CC1OCCO1)c1ccccc1,2,0.04013646397752358
C1CC2CC2C1,2,0.04013646397752358
C1=CSCC1,2,0.04013646397752358
C1CNCCN1,2,0.04013646397752358
C1CCC(OC2CCCO2)OC1,2,0.04013646397752358
O=C(OCCCc1ccccc1)c1ccccc1,2,0.04013646397752358
c1cc2c(cc1C1OCCO1)OCO2,2,0.04013646397752358
C1=Cc2ccccc2CC1,2,0.04013646397752358
C=C1CCC=CC1=O,2,0.04013646397752358
C=C1C=CCCC1,2,0.04013646397752358
C1CSSS1,2,0.04013646397752358
C1CSSSS1,2,0.04013646397752358
C1=CNCC1,2,0.04013646397752358
C1=CSCCN1,2,0.04013646397752358
O=C1Cc2ccccc2O1,2,0.04013646397752358
O=C1OCCO1,2,0.04013646397752358
C(=Cc1ccco1)c1ccccc1,2,0.04013646397752358
c1ccc(CC2CC2)cc1,2,0.04013646397752358
C1=CC2CCC=C2CC1,2,0.04013646397752358
O=c1nc[nH]c2c1ncn2C1CCCO1,2,0.04013646397752358
O=S1(=O)N=Cc2ccccc21.O=S1(=O)N=Cc2ccccc21,2,0.04013646397752358
C1CCC2(CC1)OCCCO2,2,0.04013646397752358
C(=Nc1ccccc1)c1ccccc1,2,0.04013646397752358
c1ccc2c(c1)CC1COCOC21,2,0.04013646397752358
C1=C2CCCC2CCCC1,2,0.04013646397752358
C=C1CCC2CC2C2CCCC12,2,0.04013646397752358
O=C(OC1CC2CCC1C2)c1ccccc1,2,0.04013646397752358
C1CCC2C(C1)CCC1OCCC12,2,0.04013646397752358
C1=C2CCC(C1)CC2,2,0.04013646397752358
C1=CC2CCC1CC2C1OCCO1,2,0.04013646397752358
C1=CC2(CCC1)CCCC2,2,0.04013646397752358
C=C1C2CC3CC(C2)CC1C3,2,0.04013646397752358
C1=NCSCS1,2,0.04013646397752358
O=C1[N-]S(=O)(=O)c2ccccc21,2,0.04013646397752358
C=C1CCC2CC3CCCC12C3,2,0.04013646397752358
C1=CCCCCCC1,2,0.04013646397752358
C1=CC2CCCCC2=CC1,2,0.04013646397752358
C1=CCCC2OC2CCC=CCC1,2,0.04013646397752358
C(=Cc1ccccc1)C=Nc1ccccc1,2,0.04013646397752358
c1ccc(OC2CCCCO2)cc1,2,0.04013646397752358
O=C1CCC2(CCCCC2)C1,2,0.04013646397752358
c1cnccn1.c1cnccn1,2,0.04013646397752358
O=C(CCc1ccccn1)c1ccccc1,2,0.04013646397752358
O=C1C=CCO1.O=C1C=CCO1,2,0.04013646397752358
O=C1CCc2ccccc2O1,1,0.02006823198876179
O=C(c1ccccc1)c1ccccc1,1,0.02006823198876179
O=c1cccccc1,1,0.02006823198876179
O=C1NS(=O)(=O)c2ccccc21,1,0.02006823198876179
C=C1CCCC2=C(CCC2)C1,1,0.02006823198876179
c1ccc2ocnc2c1,1,0.02006823198876179
O=C(Cc1ccccc1)Cc1ccccc1,1,0.02006823198876179
O=C(Cc1ccccc1)OCCc1ccccc1,1,0.02006823198876179
c1ccc(COCc2ccccc2)cc1,1,0.02006823198876179
O=C1CCCCCN1,1,0.02006823198876179
O=C1CCCCCCCCCCCCCCCO1,1,0.02006823198876179
O=C(Cc1ccccc1)c1ccccc1,1,0.02006823198876179
c1ccc2cnccc2c1,1,0.02006823198876179
c1ccc(CSSCc2ccccc2)cc1,1,0.02006823198876179
C1CC2CCC1O2,1,0.02006823198876179
C1=CC2CCCC=C2CC1,1,0.02006823198876179
O=C1CC2CC(C1)C2,1,0.02006823198876179
O=C1CCCS1,1,0.02006823198876179
C=C1CCC2OC2CCC2CCC12,1,0.02006823198876179
c1coc(Cn2cccc2)c1,1,0.02006823198876179
C1CCC(SSC2CCCCC2)CC1,1,0.02006823198876179
C=C1CCC2CC12,1,0.02006823198876179
O=C1CCC2CCCCC2O1,1,0.02006823198876179
c1coc(CSSCc2ccco2)c1,1,0.02006823198876179
O=C1CCCC1C1CCCC1,1,0.02006823198876179
c1csc(SSc2cccs2)c1,1,0.02006823198876179
C1=CCC2CC2C1,1,0.02006823198876179
c1cnc2c(n1)CCCC2,1,0.02006823198876179
O=C1CCCCCCCCCCCC(=O)OCCO1,1,0.02006823198876179
c1coc(CSCc2ccco2)c1,1,0.02006823198876179
O=C(OCC1CC=CCC1)c1ccccc1,1,0.02006823198876179
C=C1CCC2OC2C1=O,1,0.02006823198876179
c1ncc2c(n1)CSC2,1,0.02006823198876179
C1=CC2(CCC1)CCCO2,1,0.02006823198876179
c1ccc(-c2ccco2)cc1,1,0.02006823198876179
O=C1C=CC(=O)CC1,1,0.02006823198876179
c1ccc(CCCC2CCCO2)cc1,1,0.02006823198876179
C1SSCSSS1,1,0.02006823198876179
O=C(Nc1ccccc1)c1ccccc1,1,0.02006823198876179
C1C2CC1C1OC1C2,1,0.02006823198876179
C1CC2(CO2)C2CC1C2,1,0.02006823198876179
C=C1CCC23CCCCC2C13,1,0.02006823198876179
C1CC2CCCC2C2CC2C1,1,0.02006823198876179
O=C(Cc1ccccc1)OCC1CCCO1,1,0.02006823198876179
c1coc(C2OCCO2)c1,1,0.02006823198876179
O=C1CCCC2OC12,1,0.02006823198876179
c1ccc(C2CCOCO2)cc1,1,0.02006823198876179
C1CC2CSC(C1)C2,1,0.02006823198876179
C1=COC2CCCCC2=C1,1,0.02006823198876179
c1ccc(C2CCOC2)cc1,1,0.02006823198876179
C=C1C(=O)CC2CC1C2,1,0.02006823198876179
C1CC2CCC(C1)C2,1,0.02006823198876179
O=C1CCCCCCCCCCCCCCO1,1,0.02006823198876179
O=C(OCCc1ccccc1)c1ccco1,1,0.02006823198876179
c1coc(COCc2ccco2)c1,1,0.02006823198876179
C=C1CCCCC1=O,1,0.02006823198876179
c1ccc(CCCc2ccccn2)cc1,1,0.02006823198876179
C1=CNCCC1,1,0.02006823198876179
C1=NCCCC1,1,0.02006823198876179
c1coc(CSSc2ccoc2)c1,1,0.02006823198876179
O=C(C=CC=Cc1ccc2c(c1)OCO2)N1CCCCC1,1,0.02006823198876179
O=C(C=Cc1ccccc1)OCC=Cc1ccccc1,1,0.02006823198876179
O=C1C=C2CCCC=C2O1,1,0.02006823198876179
c1c[nH+]ccn1,1,0.02006823198876179
O=C1CCCCC=CCCCCCCCCCO1,1,0.02006823198876179
C=C1CCCC1=O,1,0.02006823198876179
C=C1CCC=CCCC2CCC12,1,0.02006823198876179
C1=CCCC=CCCC=CC1,1,0.02006823198876179
O=C1CCCCCCCC=CCCCCCCC1,1,0.02006823198876179
O=C1CCCCCCCC=CCCCCCCO1,1,0.02006823198876179
O=C(C=Cc1ccccc1)OC1CCCCC1,1,0.02006823198876179
c1cncnc1,1,0.02006823198876179
O=C1CCCCCC=CCCCCCCCCO1,1,0.02006823198876179
O=C(C=Cc1ccccc1)OCCc1ccccc1,1,0.02006823198876179
O=C1C=CSC1,1,0.02006823198876179
C=C1CCCC=CCC2CCC12,1,0.02006823198876179
C=C1C=CC(=O)O1,1,0.02006823198876179
O=C(C=Cc1ccccc1)OCC1CC=CCC1,1,0.02006823198876179
C=C1C=CCCCC=CCC1,1,0.02006823198876179
C=C1C=CCCC12CCCO2,1,0.02006823198876179
c1cnc(CC2CCCCC2)cn1,1,0.02006823198876179
c1cc(SSSSc2ccoc2)co1,1,0.02006823198876179
c1cc(SSC2CCOC2)co1,1,0.02006823198876179
O=C1C=C2CCC=CC2C1,1,0.02006823198876179
O=C(c1ccco1)c1cccs1,1,0.02006823198876179
C1CCSOC1,1,0.02006823198876179
c1ccc2sccc2c1,1,0.02006823198876179
O=c1cccc[nH]1,1,0.02006823198876179
C1CS1,1,0.02006823198876179
c1ccc2c(c1)CCO2,1,0.02006823198876179
O=C1CCCCCC1,1,0.02006823198876179
O=C1C=C2CCCCC2CC1,1,0.02006823198876179
O=C1CCC(=O)CC1,1,0.02006823198876179
O=C1CC2C(CCC3CCCCC32)O1,1,0.02006823198876179
C1CC2(CO1)SC1CCOC1S2,1,0.02006823198876179
C1CSSCS1,1,0.02006823198876179
O=C1C=CC2CC1C2,1,0.02006823198876179
O=C1CCCCCCCCCCCCC1,1,0.02006823198876179
c1ccc(COCOCc2ccccc2)cc1,1,0.02006823198876179
c1ccc(CCOCOCCc2ccccc2)cc1,1,0.02006823198876179
c1ccc2c(c1)ccn2Cn1ccc2ccccc21,1,0.02006823198876179
O=C(CCc1ccccc1)OCCCc1ccccc1,1,0.02006823198876179
O=C1C=COCC1,1,0.02006823198876179
O=C1CCCCCCCCCCCCCO1,1,0.02006823198876179
C=C1CCC2SC1C1CCCC21,1,0.02006823198876179
c1ccc2c(c1)NCCN2,1,0.02006823198876179
C=C1C2CCC3C1CCCCC23,1,0.02006823198876179
O=C(Cc1ccccc1)Nc1ccccc1,1,0.02006823198876179
C=C1CCC2C3CCCC3C12,1,0.02006823198876179
O=C(OCCOc1ccccc1)c1ccccc1,1,0.02006823198876179
C1=CC2C3CCCC2C3C1,1,0.02006823198876179
C1CC2CC3CCC2C(C1)C3,1,0.02006823198876179
C1=CC2CC23CCCCC3C1,1,0.02006823198876179
c1coc(CCc2ccco2)c1,1,0.02006823198876179
C1NCSCN1,1,0.02006823198876179
S=c1[nH]c2ccccc2s1,1,0.02006823198876179
O=C(CSCc1nc2ccccc2[nH]1)Nc1ccc2ccccc2c1,1,0.02006823198876179
O=C(CSc1ccccc1)Nc1ccccc1,1,0.02006823198876179
C1=C(SC2CCOC2)COC1,1,0.02006823198876179
O=C(C=Cc1ccccc1)OCC1CCCO1,1,0.02006823198876179
O=C(C=Cc1ccccc1)OCc1ccccc1,1,0.02006823198876179
O=C1C=CC2(CCCO2)CC1,1,0.02006823198876179
O=C(Cc1ccccc1)OCC=Cc1ccccc1,1,0.02006823198876179
O=C(C=Cc1ccccc1)OCCCc1ccccc1,1,0.02006823198876179
C=C1C=CC(=O)CC1,1,0.02006823198876179
C1=NC2=C(CCC2)NC1,1,0.02006823198876179
O=C(CCc1ccccc1)c1ccc[nH]1,1,0.02006823198876179
O=C1C=CCCCCCCO1,1,0.02006823198876179
C=C1COC1=O,1,0.02006823198876179
O=C1C=CCCCCCCCCCO1,1,0.02006823198876179
C1CC2SCSCN2C1,1,0.02006823198876179
C1=[SH]CCN1,1,0.02006823198876179
c1coc(Cc2ccoc2Cc2ccco2)c1,1,0.02006823198876179
O=C1CCSS1,1,0.02006823198876179
c1ccc(CCCc2ccn[nH]2)cc1,1,0.02006823198876179
c1coc(COCSCc2ccco2)c1,1,0.02006823198876179
C1CSSSC1,1,0.02006823198876179
O=C(CCc1ccccc1)c1ccccc1,1,0.02006823198876179
c1ncc(C[n+]2ccsc2)cn1,1,0.02006823198876179
O=C1CCCCC1C1CCCCC1,1,0.02006823198876179
O=C1CCCN1,1,0.02006823198876179
C1=CC2CC=CCC2CC1,1,0.02006823198876179
O1[SiH2]O[SiH2]O[SiH2]O[SiH2]O[SiH2]O[SiH2]1,1,0.02006823198876179
O=C1CC2CC2C1,1,0.02006823198876179
c1ccc(Nc2ccccc2)cc1,1,0.02006823198876179
O=C1C=C2C3CCCCC3CCC2C2CCC3CC(OC4OCCCC4OC4CCCCO4)CCC3C12,1,0.02006823198876179
C1=CC2CC2C1,1,0.02006823198876179
O=C1CCCCCCCCCOCCCCCO1,1,0.02006823198876179
O=C1CCCCCCCCCCOCCCCO1,1,0.02006823198876179
C1CC2OCC1OC1CCC(CO1)OC1CCC(CO1)OC1CCC(CO1)OC1CCC(CO1)OC1CCC(CO1)OC1CCC(CO1)O2,1,0.02006823198876179
c1ccc(CCOc2ccccc2)cc1,1,0.02006823198876179
C1CC2OCC1OC1CCC(CO1)OC1CCC(CO1)OC1CCC(CO1)OC1CCC(CO1)OC1CCC(CO1)O2,1,0.02006823198876179
O=C(CCc1ccccc1)c1ccc(OC2OCCCC2OC2CCCCO2)cc1,1,0.02006823198876179
c1ccccc1.c1ccccc1,1,0.02006823198876179
O=C1CCCCCCCCCCC(=O)OCCO1,1,0.02006823198876179
O=C1CCC(C2CCCCC2)CC1,1,0.02006823198876179
C1=CC2CC2CC1,1,0.02006823198876179
O=C(OCC(COC(=O)c1ccccc1)OC(=O)c1ccccc1)c1ccccc1,1,0.02006823198876179
c1ccc2c(CC3CC4CCN3CC4)ccnc2c1.c1ccc2c(CC3CC4CCN3CC4)ccnc2c1,1,0.02006823198876179
O=C(Sc1ccoc1)c1ccco1,1,0.02006823198876179
O=C(Oc1ccc2ccccc2c1)c1ccccc1,1,0.02006823198876179
C1CSC1,1,0.02006823198876179
C(=C1CCCCC1)c1ccccc1,1,0.02006823198876179
O=C(Cc1ccccc1)OCCCc1ccccc1,1,0.02006823198876179
O=C(c1ccccc1)c1ccc2ccccc2c1,1,0.02006823198876179
O=C1CCC2=C(CCCC2)O1,1,0.02006823198876179
c1coc(Cc2ccco2)c1,1,0.02006823198876179
C=C1C(=O)OC2C1CCC(=C)C1CCC(=C)C12,1,0.02006823198876179
O=C1CCCCCCCCOCCCCCCO1,1,0.02006823198876179
O=C1CCCCCCCCCCCCCCC1,1,0.02006823198876179
O=C1CCCCCCCCCCCCCCCC1,1,0.02006823198876179
C1CC2OCC1OC1CCC(CO1)OC1CCC(CO1)OC1CCC(CO1)OC1CCC(CO1)OC1CCC(CO1)OC1CCC(CO1)OC1CCC(CO1)O2,1,0.02006823198876179
C1=CC2C3CCCCC23C1,1,0.02006823198876179
c1ccc2c(c1)CCC1CCCCC21,1,0.02006823198876179
O=C1OC23CCCCC2CC1CC3,1,0.02006823198876179
O=C1CCCC23CCC(CC12)C3,1,0.02006823198876179
O=C1C=CC2CC12,1,0.02006823198876179
c1c2c(cc3c1CCOC3)CCC2,1,0.02006823198876179
O=C1CCCC2=C1CCC2,1,0.02006823198876179
C=C1CCCC2C=CCCC12,1,0.02006823198876179
O=C(CCc1ccccc1)OCCNC(=O)C(=O)NCCOC(=O)CCc1ccccc1,1,0.02006823198876179
C1CCC2C(C1)CCC13COC(CCC21)O3,1,0.02006823198876179
c1ccc(CCc2ccccc2)cc1,1,0.02006823198876179
C1=CCC2C(C1)C1CC2C2(CO2)C1,1,0.02006823198876179
O=C(Cc1ccccc1)OCc1ccco1,1,0.02006823198876179
C1=C2CCC3CCCCC3C2CCC1,1,0.02006823198876179
C1=CC2CCC3C4CCCCC4CCC3C2C1,1,0.02006823198876179
C1CC2CCC2CCC2OC2C1,1,0.02006823198876179
c1c2c(cc3c1CCOC3)CCCC2,1,0.02006823198876179
C1=CCOCOC1,1,0.02006823198876179
C(Cc1ccccc1)=Nc1ccccc1,1,0.02006823198876179
O=C1CCOC1SCc1ccco1,1,0.02006823198876179
C1CC2CCC3(C1)C2CCC1OC13,1,0.02006823198876179
C1CC2OC23CC2CCC3(C1)C2,1,0.02006823198876179
C1=CCC(c2ccccc2)OC1,1,0.02006823198876179
C1CCCCCCC1,1,0.02006823198876179
O=C1CCC(C(=O)OC2CCCCC2)N1,1,0.02006823198876179
C1=COC2(CC1)CCCCC2,1,0.02006823198876179
C1=CCC(CNc2ccccc2)CC1,1,0.02006823198876179
C1CC2C3CC(C2C1)C1(CCCO1)C3,1,0.02006823198876179
O=C1OCC2CCCC=C12,1,0.02006823198876179
C=C1C2CCCC1CCC2,1,0.02006823198876179
C1CCC(C2CCC3CC2C3)CC1,1,0.02006823198876179
O=C1CC2CC3CCCC3(C1)C2,1,0.02006823198876179
O=C1CCC(CC2CC3CCC2C3)CC1,1,0.02006823198876179
C1CC2OC23CCC2CC2C3C1,1,0.02006823198876179
c1ccc(Cc2cc(Cc3ccccc3)cc(-n3nc4ccccc4n3)c2)cc1,1,0.02006823198876179
C1CCCC2(CCC1)CCCO2,1,0.02006823198876179
c1ccc(C2COCO2)cc1,1,0.02006823198876179
C=C1CCOC(c2ccccc2)C1,1,0.02006823198876179
C1CC2CC3CC2(C1)CC1OC31,1,0.02006823198876179
C1=C2CC3CCC2(CCC1)CC3,1,0.02006823198876179
O=C1C=CC=CCC1,1,0.02006823198876179
C1CCSSC1,1,0.02006823198876179
c1ccc(-c2ccc3ccccc3[o+]2)cc1,1,0.02006823198876179
c1ccncc1.c1ccncc1.c1ccncc1,1,0.02006823198876179
O=C1C=CC2CC3CCCC13C2,1,0.02006823198876179
C1CCC2(CC1)OCCO2,1,0.02006823198876179
c1nc2c(o1)CCCCCCCCCC2,1,0.02006823198876179
C=C1CCCC1,1,0.02006823198876179
O=C1CCC2C3CCC(C3)C2C1,1,0.02006823198876179
C1OCC2(CO1)CC1CCC2C1,1,0.02006823198876179
C1=CC2CC1CC2C1CO1,1,0.02006823198876179
N=C1C2CCCC1CC2,1,0.02006823198876179
C1CCC2(C1)OCCO2,1,0.02006823198876179
c1ccc(CCOC2CCCCC2)cc1,1,0.02006823198876179
C=C1CC23CCCC2C=CC1O3,1,0.02006823198876179
C1CCCCCC2COCC2CCCC1,1,0.02006823198876179
O=C1OCC2=C1C=CCC2,1,0.02006823198876179
C1=C2CCCC2CCC1,1,0.02006823198876179
O=C1CCCC1CCC1CC=CCC1,1,0.02006823198876179
C1CCCCCC1,1,0.02006823198876179
C1CC2OCOC2O1,1,0.02006823198876179
O=C(OCCOC(=O)c1ccccc1)c1ccccc1,1,0.02006823198876179
C=C1CCC2CCCC(=C)C2C1,1,0.02006823198876179
C1=CC2CCC1CO2,1,0.02006823198876179
c1cc2n(c1)CCC2,1,0.02006823198876179
c1occ2c1CCS2,1,0.02006823198876179
C1SCSSS1,1,0.02006823198876179
C1CCC23CCC(CC2C1)C3,1,0.02006823198876179
C=C1CCC(COC(=O)c2ccccc2)CC1,1,0.02006823198876179
C1=CC2OCCC2CC1,1,0.02006823198876179
O=C(C=Cc1ccccc1)c1ccccc1,1,0.02006823198876179
O=C(C=Cc1ccccc1)NCCc1ccccc1,1,0.02006823198876179
S=c1nccc[nH]1,1,0.02006823198876179
C=C1CCCC1C(=O)C1CCCC1=O,1,0.02006823198876179
O=C1CCCC1C(=O)CC1CCCCC1,1,0.02006823198876179
c1ccc(C2CCCCO2)cc1,1,0.02006823198876179
C1=CCC(=CNc2ccccc2)CC1,1,0.02006823198876179
C=C1CCC2(C=CCCC2)C1,1,0.02006823198876179
C1CCC2OCCCC2C1,1,0.02006823198876179
C1CCC2CCCC2C1,1,0.02006823198876179
O=C1CCCCCCCCCCC(=O)OCCC1,1,0.02006823198876179
O=C(Cc1ccccc1)OC1CC2CCC1C2,1,0.02006823198876179
O=C1CCC(=O)C2OC12,1,0.02006823198876179
C(CCc1ccc2c(c1)OCO2)=Nc1ccccc1,1,0.02006823198876179
O=C1COc2ccccc2O1,1,0.02006823198876179
O=C1C=CC(=O)c2ccccc21,1,0.02006823198876179
C=C1CC=CCCC=CCC1,1,0.02006823198876179
C1=CCCC2CC2C=CCC1,1,0.02006823198876179
C1=CCCC2OC2CCC=CC1,1,0.02006823198876179
O=C1CCC2=C1CCCCC2,1,0.02006823198876179
O=C(C=Cc1ccccc1)Oc1ccccc1,1,0.02006823198876179
O=C1CCCC=CCCCCCCCCCC1,1,0.02006823198876179
O=C1CCCCCCC=CCCCCCCC1,1,0.02006823198876179
[BH2-]1OO[BH2-]OO1,1,0.02006823198876179
C1=CC(C=CC2CO2)CCC1,1,0.02006823198876179
C1CSC1.C1CSC1,1,0.02006823198876179
C(=CC1OCCCO1)c1ccccc1,1,0.02006823198876179
C1=CC2COCC2CCCCCCCC1,1,0.02006823198876179
O=C1CCC=CCCCCCCCCCC1,1,0.02006823198876179
O=C1CC2CCC=CC2O1,1,0.02006823198876179
C=C1CC2CCC3(C2)C(=O)CCC13,1,0.02006823198876179
c1coc(CC2CO2)c1,1,0.02006823198876179
O=C1COC2(C=CC=CC2)C1,1,0.02006823198876179
C1CCC2C3CCC2C(C1)C3,1,0.02006823198876179
O=C1CCCCCC=CCCCCCCCC1,1,0.02006823198876179
C=C1CCCCC1CCC=CCCC1CCCC2CCCCC12,1,0.02006823198876179
O=C1CCCCCCCCCCC=CCCO1,1,0.02006823198876179
C1CCC(C2CCCC2)C1,1,0.02006823198876179
C=C1CC2CC1C1CCC(=O)OC21,1,0.02006823198876179
C1=CCCC=CCCCC=CC1,1,0.02006823198876179
C=C1CC2CC1C1CCCC21,1,0.02006823198876179
C=C1CC2CC1C1CCCOC21,1,0.02006823198876179
C1=C2CCCCC2CC1,1,0.02006823198876179
c1ccc(N2CC[NH2+]CC2)cc1,1,0.02006823198876179
O=C1COCC1=O,1,0.02006823198876179
C1=[NH+]COC1,1,0.02006823198876179
O=C1CCCC=CCCCCCCCCC1,1,0.02006823198876179
O=C1CCCCCCCCCC=CCCCO1,1,0.02006823198876179
O=C1CCc2ccccc21,1,0.02006823198876179
O=C(NC1CC1)C1CCCCC1,1,0.02006823198876179
C1CC1CC1CC2CC2C1,1,0.02006823198876179
O=C1COCCCCCCCCCCCO1,1,0.02006823198876179
O=C1COCCCCCCCCCCCCO1,1,0.02006823198876179
c1ccc(C2CCc3ccccc3O2)cc1,1,0.02006823198876179
O=C1COC2(CCCCC2)O1,1,0.02006823198876179
O=C(Nc1ccccc1)C1CCCCC1,1,0.02006823198876179
C1CCC23CCCC2C3C1,1,0.02006823198876179
C=C1CCC2CCCCC2C1,1,0.02006823198876179
O=C1NCCO1,1,0.02006823198876179
c1csc(COCc2cccs2)c1,1,0.02006823198876179
O=C1CCC2(CCCCCC2)C1,1,0.02006823198876179
c1ccc(C2OCC(COC3CCCCC3)O2)cc1,1,0.02006823198876179
C1=CCOC1,1,0.02006823198876179
C1CC2COC3CC(CCO3)OC3CCCC(COC4CC(CCO4)OC(C1)O2)O3,1,0.02006823198876179
O=C1C=CC2(CC=CO2)CC1,1,0.02006823198876179
O=C1CCCC=CCCCCCCCC1,1,0.02006823198876179
O=C1Oc2ccccc2C2CC12,1,0.02006823198876179
O=C(OCCOCC1CCCCC1)C1CC1,1,0.02006823198876179
C1=CC2CCC=CC2CC1,1,0.02006823198876179
O=C1C=CCCCCCCCCCCCCO1,1,0.02006823198876179
C1CCC(C2CCC(C3CCCC3)C2)C1,1,0.02006823198876179
O=C1CC2CCCCC2O1,1,0.02006823198876179
O=C1C2CCC(C2)C12CCCC2,1,0.02006823198876179
O=C1C2CCC3(CCCCC13)C2,1,0.02006823198876179
O=C(OC(=O)C1CCCC2C3CCC=CC3=CCC12)C1CCCC2C3CCC=CC3=CCC12,1,0.02006823198876179
C1=CCC(C2OCCCO2)CC1,1,0.02006823198876179
O=C1C=CCCC1Cc1ccccc1,1,0.02006823198876179
C1=CCCCC1.C1=CCCCC1,1,0.02006823198876179
c1ccc2cocc2c1,1,0.02006823198876179
C1=C2C(CC1)CCCC1CC21,1,0.02006823198876179
B1O[BH-]2OBO[BH-](O1)O2,1,0.02006823198876179
C1CCC(C23CCC(CC2)C3)CC1,1,0.02006823198876179
O=C(C=Cc1ccccc1)NCCc1ccc2c(c1)OCO2,1,0.02006823198876179
c1cc(SSC2CCCCC2)co1,1,0.02006823198876179
C1=CC2OCC=C2CC1,1,0.02006823198876179
C1=CC(c2ccccc2)CCO1,1,0.02006823198876179
C1=CC2(CCCCC2)OC1,1,0.02006823198876179
C1=Cc2nccnc2C1,1,0.02006823198876179
O=C1C=CCC=C1,1,0.02006823198876179
O=S1(=O)N=CC=CO1,1,0.02006823198876179
C1C2CC3C1C3C2.C=C1CC2CCC1C2,1,0.02006823198876179
C=C1CC2CC1C1C=CCC21,1,0.02006823198876179
C1CC2CC2C2(C1)COCOC2,1,0.02006823198876179
O=C(CCc1ccncc1)c1ccccc1,1,0.02006823198876179
C1CCC(OC2CCC(OC3CCCOC3)OC2)OC1,1,0.02006823198876179
C1=CCC2CC=CC2C1,1,0.02006823198876179
O=C(CCC1CC2[N-]C1=CC1=NC(=CC3=NC(=CC4=NC2CC4)CC3)CC1)NCCO[PH](=O)OC1COC(n2cnc3ccccc32)C1,1,0.02006823198876179
O=C1CN(Cc2ccccc2)C(=O)N1c1cnn(Cc2cnoc2)c1,1,0.02006823198876179
c1coc(Cc2coc(Cc3ccco3)c2)c1,1,0.02006823198876179
C=C1CCC2CC2C1,1,0.02006823198876179
O=C1C=CCCCCCCCCCCCCC1,1,0.02006823198876179
C=C1CC2C=CC1C2,1,0.02006823198876179
C1=CC2CCC(C1)C2,1,0.02006823198876179
O=C(NCCc1ccccn1)C1CCCCC1,1,0.02006823198876179
c1coc(COCc2cccs2)c1,1,0.02006823198876179
c1ccc(-n2cccn2)cc1,1,0.02006823198876179
O=C(NCCc1ccccn1)C(=O)NCc1ccccc1,1,0.02006823198876179
O=C(NC1CCCCC1)c1ccccc1,1,0.02006823198876179
C1CC2CCCC23CCOC3C1,1,0.02006823198876179
C1CCC(C2OCCCS2)CC1,1,0.02006823198876179
O=C(NC1CCCCC1)C1CC1,1,0.02006823198876179
C1CC2CC3CC2(C1)CC1OCOC31,1,0.02006823198876179
O=C1CC2CCC(C1)C2,1,0.02006823198876179
O=C1CCCCCC=CC=CCCCCCC1,1,0.02006823198876179
c1cc(-c2ccc3c(c2)CCC3)ncn1,1,0.02006823198876179
c1cc2c(c(-c3ccncn3)c1)CCC2,1,0.02006823198876179
c1ncc2c(n1)C1CC3CCC1(CC2)C3,1,0.02006823198876179
c1ncc2c(n1)C1=C(CCC1)CC2,1,0.02006823198876179
C1=CCSCC1,1,0.02006823198876179
c1ccc(CSCSCc2ccccc2)cc1,1,0.02006823198876179
C1=C(C2OCCO2)CCCC1,1,0.02006823198876179
O=C(Nc1ccccn1)NC1CC1c1ccccc1,1,0.02006823198876179
C=C1C2CCC(C2)C1CCC=CCOC(=O)Cc1ccccc1,1,0.02006823198876179
O=C1CCCCC=CCCCCCCCCC1,1,0.02006823198876179
C1CCOCC1.c1ccccc1,1,0.02006823198876179
c1cc2c3c(ccc2o1)CCCC3,1,0.02006823198876179
C1=CCC2(CC1)CCCC2,1,0.02006823198876179
O=c1[nH]cnc2c1NC(CNc1ccccc1)CN2,1,0.02006823198876179
