Murcko_Scaffold,Scaffold_with_Attachments,Count,Total Positive Molecules,Percentage
c1ccccc1,[1*]c1cc([2*])ccc1[3*],75,157,47.77070063694268
O=C(Cc1ccccc1)Oc1ccccc1,[1*]c1ccc(OC(=O)Cc2ccccc2)c([2*])c1,6,157,3.821656050955414
C1CCCCC1,[1*]C1([2*])CCCCC1,3,157,1.910828025477707
C1=CCCCC1,[1*]C1C([2*])=CCCC1([3*])[4*],3,157,1.910828025477707
c1ccc(C2CO2)cc1,[1*]C1OC1([2*])c1ccccc1,2,157,1.2738853503184715
O=C(OCCc1ccccc1)c1ccccc1,[1*]c1ccccc1C(=O)OCCc1ccccc1,2,157,1.2738853503184715
O=C(Cc1ccccc1)OCc1ccccc1,[1*]c1ccc(COC(=O)Cc2ccccc2)cc1,2,157,1.2738853503184715
O=C1CCCCC1,[1*]C1CCCC([2*])([3*])C1=O,2,157,1.2738853503184715
c1ccc2c(c1)CCCN2,[1*]c1ccc2c(c1)CCCN2,2,157,1.2738853503184715
c1ccsc1,[1*]c1sccc1[2*],2,157,1.2738853503184715
O=C(Cc1ccccc1)OC1CCCCC1,[1*]C1CCC([2*])C(OC(=O)Cc2ccccc2)C1,2,157,1.2738853503184715
O=C1C=CCCC1,[1*]C1=CC(=O)CC([2*])([3*])C1,1,157,0.6369426751592357
c1ccc2ccccc2c1,[1*]c1ccc2ccccc2c1,1,157,0.6369426751592357
c1ccc(CC2OCCO2)cc1,c1ccc(CC2OCCO2)cc1,1,157,0.6369426751592357
O=C(Cc1ccccc1)Cc1ccccc1,O=C(Cc1ccccc1)Cc1ccccc1,1,157,0.6369426751592357
O=C(Cc1ccccc1)OCCc1ccccc1,O=C(Cc1ccccc1)OCCc1ccccc1,1,157,0.6369426751592357
O=C(Oc1ccccc1)c1ccccc1,[1*]c1ccccc1C(=O)Oc1ccccc1,1,157,0.6369426751592357
C1=CC2CCC1C2,[1*]C1CC2C=CC1C2,1,157,0.6369426751592357
C1CCOCC1,[1*]C1([2*])CCC([3*])C([4*])([5*])O1,1,157,0.6369426751592357
c1cnccn1,[1*]c1cnccn1,1,157,0.6369426751592357
O=C1C=CC(=O)CC1,[1*]C1=CC(=O)CC([2*])([3*])C1=O,1,157,0.6369426751592357
c1ccc(CCCC2CCCO2)cc1,c1ccc(CCCC2CCCO2)cc1,1,157,0.6369426751592357
O=C(Cc1ccccc1)OCC1CCCO1,O=C(Cc1ccccc1)OCC1CCCO1,1,157,0.6369426751592357
O=C(OCCc1ccccc1)c1ccco1,O=C(OCCc1ccccc1)c1ccco1,1,157,0.6369426751592357
c1ccoc1,[1*]c1ccco1,1,157,0.6369426751592357
O=C(Cc1ccccc1)Nc1ccccc1,[1*]c1ccccc1NC(=O)Cc1ccccc1,1,157,0.6369426751592357
C1=CC2C3CCCC2C3C1,[1*]C1=CCC2C3C([2*])CCC2([3*])C13,1,157,0.6369426751592357
O=C(C=Cc1ccccc1)OCc1ccccc1,O=C(C=Cc1ccccc1)OCc1ccccc1,1,157,0.6369426751592357
O=C(Cc1ccccc1)OCC=Cc1ccccc1,O=C(Cc1ccccc1)OCC=Cc1ccccc1,1,157,0.6369426751592357
C(=Cc1ccco1)c1ccccc1,[1*]C(=Cc1ccccc1)c1ccco1,1,157,0.6369426751592357
c1ccc2occc2c1,[1*]c1cc2ccccc2o1,1,157,0.6369426751592357
c1ccc(CC2OCCCO2)cc1,[1*]C1COC(Cc2ccccc2)OC1,1,157,0.6369426751592357
C=C1CCC2CC2C2CCCC12,[1*]C1([2*])CCC2C(=C)CCC3C(C21)C3([3*])[4*],1,157,0.6369426751592357
O=C(Cc1ccccc1)OCc1ccco1,O=C(Cc1ccccc1)OCc1ccco1,1,157,0.6369426751592357
C1=CC2CCCCC2CC1,[1*]C1=CC2C([2*])CCC([3*])([4*])C2CC1,1,157,0.6369426751592357
C=C1C2CCC(C2)C1CCC=CCOC(=O)Cc1ccccc1,[1*]C1(CCC=C([2*])COC(=O)Cc2ccccc2)C(=C)C2CCC1C2,1,157,0.6369426751592357
